Column1,Type_Food,Name_Food,ingredint0,ingredint1,ingredint2,ingredint3,ingredint4,ingredint5,ingredint6,ingredint7,ingredint8,ingredint9,ingredint10,ingredint11,ingredint12,ingredint13,ingredint14,ingredint15,ingredint16,ingredint17,ingredint18,ingredint19,ingredint20,ingredint21,ingredint22,ingredint23,ingredint24,ingredint25
0,ต้ม,หย่าเก่ย,เนื้อส่วนขาหมู,ข่า ,ตะไคร้,ใบมะกรูด,กะปิ,น้ำตาล,ซอสน้ำมันหอย,น้ำปลา,เต้าเจี้ยว,เหล้าขาว,น้ำเปล่า,,,,,,,,,,,,,,,
1,ต้ม,แกงผักปั๋งใส่แหนม,ยอดอ่อนผักปั๋ง,แหนม,พริกหนุ่ม,หอมแดง,มะเขือเทศ,กระเทียม,กะปิ,ปลาร้า,มะนาว,เกลือ,ต้นหอม,ผักชี,น้ำซุปหมู,,,,,,,,,,,,,
2,ต้ม,แกงจืดไข่ม้วน,หมู,ไข่ไก่,วุ้นเส้น,ซอสปรุงรส,พริกไทยป่น,เห็ดหูหนูแห้ง,น้ำซุปกระดูกหมู,ผักกาดขาว,แครอท,เห็ดหอม,ต้นหอม,ผักขึ้นฉ่าน,เต้าหู้ไข่,,,,,,,,,,,,,
3,ต้ม,หมูหนาว,ขาหมู,หอมหัวใหญ่,เห็ดหูหนูแห้ง,พริกไทย,รากผักชี,เกลือ,,,,,,,,,,,,,,,,,,,,
4,ต้ม,ต้มจืดมะระซี่โครงหมู,ซี่โครงหมู,มะระจีน,เห็ดหอม,เกลือ,น้ำเปล่า,กุ้งแห้ง,คื่นฉ่าย,ผักชี,พริกไทยแห้ง,กระเทียม,,,,,,,,,,,,,,,,
5,ต้ม,ต้มยำขาหมู,ขาหมู,ตะไคร้,พริกขี้หนู,เห็ดฟาง,ใบมะกรูด,หอมแดง,ข่า ,น้ำมะขามเปียก,น้ำปลา,มะนาว,ผักชีฝรั่ง,น้ำเปล่า,,,,,,,,,,,,,,
6,ต้ม,ขนมจีนน้ำใส,หมูยอดิบ,วุ้นเส้น,ต้นหอม,เห็ดหูหนูแห้ง,พริกไทยป่น,ซอสปรุงรส,กระดูกเล้ง,ซี่โครงหมู,น้ำปล่า,เกลือ,หอมหัวใหญ่,ขนมจีน,ผักสด,,,,,,,,,,,,,
7,ต้ม,กระเพาะหมูตุ๋นพริกไทยดำ,เห็ดหอม,กระเพราะหมู,พริกไทย,ซอสปรุงรส,คื่นฉ่าย,ไข่นกกระทา,ผักชี,น้ำซุป,,,,,,,,,,,,,,,,,,
8,ต้ม,แกงมะเขือเทศหมูสับ,หมูสับ,มะเขือเทศ,ซอสปรุงรส,กระเทียม,เกลือ,น้ำตาล,พริกไทย,น้ำซุปกระดูกหมู,ไข่ไก่,ผักสด,น้ำซุปหมู,น้ำมันพืช,,,,,,,,,,,,,,
9,ต้ม,แกงจืดเต้าหู้หมูสับ,ผักตำลึง,คื่นฉ่าย,หมูสับ,มันหมู,กระเทียม,พริกไทย,ซอสน้ำมันหอย,ซอสปรุงรส,น้ำปลา,เต้าหู้ไข่,แครอท,ต้นหอมเป็นท่อน,ผักกาดขาว,สาหร่าย,กระเทียมเจียว,น้ำซุปกระดูกหมู,,,,,,,,,,
10,ต้ม,ไข่พะโล้,ไข่เป็ด,น้ำมันพืชสำหรับผัด,หมูสามชั้น,พริกไทย,รากผักชี,กระเทียม,อบเชย,โป๊ยกั๊ก,เต้าหู้,น้ำปลา,ซอสถั่วเหลือง,น้ำตาล,น้ำเปล่า,,,,,,,,,,,,,
11,ต้ม,แกงจืดสับปะรดกระดูกอ่อน,สับปะรด,ซี่โครงหมูอ่อน,แครอท,กุ้งแห้ง,เม็ดตั้งฉ่าย,ต้นหอม,ผักชี,เกลือ,ซอสถั่วเปลือง,เต้าหู้ไข่,น้ำซุปกระดูกหมู,กระดูกเล้ง,,,,,,,,,,,,,,
12,ต้ม,ต้มแซ่บกระดูกอ่อน,ซี่โครงหมู,ข่า ,มะเขือเทศ,น้ำตาลปี๊บ,ตะไคร้,ผักชีฝรั่ง,หอมหัวใหญ่,ใบมะกรูด,น้ำมะขามเปียก,น้ำปลา,พริกสด,พริกป่น,,,,,,,,,,,,,,
13,ต้ม,แกงจืดฟักซี่โครงหมู,ซี่โครงหมู,ฟักเขียวอ่อน,แครอท,เห็ดหอม,เกลือ,ซอสถั่วเหลือง,รากผักชี,พริกไทย,กระเทียม,น้ำปล่า,,,,,,,,,,,,,,,,
14,ต้ม,ขนมจีนน้ำพริก,กุ้ง,หอมแดง,พริกแห้ง,ข่า ,น้ำตาลปี๊บ,น้ำมะกรูด,ถั่วเขียว,กระเทียม,รากผักชี,หอมแดงเจียว,กระเทียมเจียว,น้ำปลา,น้ำมะขามเปียก,หัวกะทิ,หางกะทิ,พริกป่น,น้ำมันพืช,ขนมจีน,ผักสด,,,,,,,
15,ต้ม,ต้มเค็มฟักกับหมูสามชั้น,ฟักเขียว,หมูสามชั้น,กะปิ,น้ำตาลปี๊บ,ซอสถั่วเหลือง,ซอสหอยนางรม,รากผักชี,หอมแดง,น้ำมันพืช,น้ำเปล่า,,,,,,,,,,,,,,,,
16,ต้ม,แกงรัญจวน,ซี่โครงหมู,หอมแดง,กระเทียม,พริกสด,ตะไคร้,ใบโพระพา,มะนาว,เกลือ,น้ำพริกกะปิ,,,,,,,,,,,,,,,,,
17,ต้ม,หมูต้มใบชะมวง,ใบชะมวงอ่อน,หมูสามชั้น,ข่า ,หอมแดง,กระเทียม,กะปิ,เกลือ,พริกไทยอ่อน,พริกแห้ง,น้ำซุป,น้ำตาล,ซอสถั่วเหลือง,,,,,,,,,,,,,,
18,ต้ม,หมูหนาว,น้ำเปล่า,กระดูกหมู,เกลือ,รากผักชี,พริกไทย,หมู,เห็ดหูหนู,,,,,,,,,,,,,,,,,,,
19,ต้ม,แกงเขียวหวานหมู,หมู,แป้งมัน,ซอสถั่วเหลือง,น้ำตาลปี๊บ,น้ำมันงา,พริกแกงเขียวหวาน,กะทิ,ใบโพระพา,มะเขือเปราะ,น้ำซุปไก่,น้ำตาลปี๊บ,น้ำปลา,พริกชี้ฟ้า,ใบมะกรูด,,,,,,,,,,,,
20,ต้ม,ขาหมูต้มผักกาดดอง,ขาหมู,น้ำซุปหมู,ผักกาดดอง,น้ำตาล,น้ำปลา,ซอสถั่วเหลือง,พริกไทย,,,,,,,,,,,,,,,,,,,
21,ต้ม,ก๋วยจั๊บน้ำข้น,รากผักชี,ซอสถั่วเหลือง,ซิอิ๊วดำ,น้ำตาล,ผงพะโล้,กระเทียม,พริกไทย,น้ำเปล่า,ผักชี,ไข่ไก่,หมูกรอบ,เต้าหู้,ตับหมู,ไส้หมู,เส้นก๋วยจั๊บ,กระดูกหมู,,,,,,,,,,
22,ต้ม,แกงคั่วหมูเทโพ,ผักบุ้ง,หมูสามชั้น,น้ำพริกแกงคั่ว,หัวกะทิ,หางกะทิ,น้ำมะขามเปียก,น้ำปลา,น้ำตาลปี๊บ,ใบมะกรูด,,,,,,,,,,,,,,,,,
23,ต้ม,ขนมจีนน้ำเงี้ยว,เส้นขนมจีน,พริกแห้ง,มะเขือเทศ,หอมแดง,กระเทียม,เต้าเจี้ยว,น้ำตาล,น้ำปลา,หมูสับ,เลือดหมูก้อน,ดอกงิ้วแห้ง,ซี่โครงหมู,น้ำซาวข้าว,,,,,,,,,,,,,
24,ต้ม,แกงขนุนใส่ซี่โครงหมู,ซี่โครงหมู,เนื้อขนุนดิบ,ยอดชะอม,มะเขือเทศ,ผักชีฝรั่ง,ใบชะพลู   ,พริกแห้ง,หอมแดง,กระเทียม,กะปิ,น้ำปลา,น้ำเปล่า,,,,,,,,,,,,,,
25,ต้ม,แกงผักปั๋งใส่แหนม,ยอดอ่อนผักปั๋ง,แหนม,พริกหนุ่ม,หอมแดง,มะเขือเทศ,กระเทียม,กะปิ,ปลาร้า,มะนาว,เกลือ,ต้นหอม,ผักชี,น้ำซุปหมู,,,,,,,,,,,,,
26,ต้ม,แกงโฮะ,พริกแกงเผ็ด,พริกแกงฮังเล,แหนมหม้อ,หน่อไม้ดอง,แคบหมู,วุ้นเส้น,ใบมะกรูด,ผักตำลึง,ตะไคร้,น้ำปลา,มะนาว,พริกสด,กระเทียม,น้ำมันพืช,,,,,,,,,,,,
27,ต้ม,แกงฮังเล,ขาหมู,น้ำพริกแกงเผ็ด,ผงฮังเล,เกลือ,ซีอิ๊วดำ,ซีอิ๊วขาว,น้ำปลา,ขิง,หอมหัวใหญ่,กระเทียม,น้ำตาลปี๊บ,น้ำมะขามเปียก,น้ำซุป,กระท้อนเปรี้ยวสับ,,,,,,,,,,,,
28,ต้ม,แกงอ่อมหมู,หมูสามชั้น,น้ำซุปกระดูก,ใบมะกรูด,พริกแห้ง,หอมแดง,กระเทียม,ข่า ,ตะไคร้,รากผักชี,กะปิ,ใบแมงลัก,ฟักทอง,ผักชีลาว,,,,,,,,,,,,,
29,ต้ม,ต้มแซปกระดูกอ่อน,หมูและเครื่องในหมู,ข่า ,มะเขือ,ตะไคร้,ใบมะกรูด,มะนาว,น้ำปลา,ผงรสดี,พริกสด,,,,,,,,,,,,,,,,,
30,ต้ม,ซุปมะเขือเวียดนาม,หมูสับ,มะเขือเทศ,ซอสปรุงรส,กระเทียม,เกลือ,น้ำตาล,พริกไทย,ถั่วงอก,ใบโพระพา,ใบผักกาดหอม,น้ำซุปหมู,น้ำมันพืช,,,,,,,,,,,,,,
31,ต้ม,ซุปรากบัวซี่โครงหมู,ซี่โครงหมู,ถั่วลิสง,รากบัว,น้ำเปล่า,เกลือ,ซอสถั่วเหลือง,เครื่องตุ๋นยาจีน,,,,,,,,,,,,,,,,,,,
32,ต้ม,แกงจืดสับปะรดซี่โครงอ่อน,สับปะรด,กระดูกหมู,แครอท,กุ้งแห้ง,เม็ดตั้งฉ่าย,ต้นหอม,เกลือ,ซีอิ๊วขาว,เต้าหู้ไข่,น้ำเปล่า,ผงรสดี,,,,,,,,,,,,,,,
33,ต้ม,แกงป่าหมู,หมู,น้ำพริกแกงป่า,มะเขือเปราะ,มะเขือพวง,ขิง,ถั่วฝักยาว,พริกไทยสด,ข้าวโพดอ่อน,น้ำซุปกระะดูกหมู,น้ำปลา,เกลือ,ใบมะกรูด,พริกขี้หนู,ใบกะเพรา,น้ำมันพืช,,,,,,,,,,,
34,ต้ม,ขาหมูต้มใบมะดัน,ขาหมู,ใบมะดันอ่อน,น้ำมะขามเปียก,น้ำปลา,มะนาว,ผักชีฝรั่ง,ตะไคร้,พริกขี้หนู,เห็ดฟาง,ใบมะกรูด,หอมแดง,ข่า ,น้ำเปล่า,,,,,,,,,,,,,
35,ต้ม,แกงเทโพหมู,ผักบุ้ง,หมูสามชั้น,พริกแกง,หัวกะทิ,หางกะทิ,น้ำมะขามเปียก,น้ำปลา,น้ำตาลปี๊บ,มะกรูด,ใบมะกรูด,,,,,,,,,,,,,,,,
36,ต้ม,ไก่บ้านต้มระกำ,ไก่,หอมแดง,ข่า ,ตะไคร้,ผักชีฝรั่ง,พริกขี้หนู,น้ำซุปกระดูกไก่,กะปิ,น้ำตาล,น้ำปลา,ระกำ,,,,,,,,,,,,,,,
37,ต้ม,ต้มข่าหัวปลี,ไก่,หัวปลี,หางกะทิ,มะนาว,ข่า อ่อน,ตะไคร้,ใบมะกรูด,พริกขี้หนู,ผักชีฝรั่ง,เห็ดฟาง,มะเขือเทศ,น้ำตาลปี๊บ,หัวน้ำปลา,ซุปกระดูกไก่,พริกทอด,,,,,,,,,,,
38,ต้ม,แกงเผ็ดกล้วยดิบ,ไก่,กล้วยน้ำว้าดิบ,รากผักชี,ซอสปรุงรส,ซอสน้ำมันหอย,ใบมะกรูด,น้ำตาลปี๊บ,หัวกะทิ,หางกะทิ,เกลือ,น้ำปลา,พริกขี้กนูสวนเฉียง,มะเขือพวง,พริกแกงเผ็ด,ใบโพระพา,,,,,,,,,,,
39,ต้ม,แกงเขียวหวานไก่,ไก่,พริกแกงเขียวหวาน,หางกะทิ,ใบโพระพา,มะเขือเปราะ,น้ำซุปกระดูกไก่,น้ำตาลปี๊บ,น้ำปลา,พริกชี้ฟ้า,ใบมะกรูด,,,,,,,,,,,,,,,,
40,ต้ม,ต้มข่าไก่,ไก่,หางกะทิ,มะนาว,ข่า ,ตะไคร้,ใบมะกรูด,พริกสด,ผักชี,เห็ดฟาง,มะเขือเทศ,น้ำตาลปี๊บ,น้ำปลา,ซุปไก่,,,,,,,,,,,,,
41,ต้ม,โกยซิหมี่,เส้นบะหมี่อบแห้ง,เห็ดหอม,หน่อไม้,กุ่ยฉ่ายขาว,คื่นฉ่าย,ต้นหอม,กระเทียม,พริกไทย,ไก่,แป้งมัน,น้ำมันพืช,น้ำซุปกระดูกหมู,ซอสเห็ดหอม,ซอสน้ำมันหอย,น้ำตาล,,,,,,,,,,,
42,ต้ม,ไก่รวนปลาร้า,ไก่,น้ำซุปไก่,น้ำปลาร้า,น้ำตาล,น้ำปลา,มะนาว,ข่า ,ตะไคร้,ใบมะกรูด,หอมแดง ,พริกสด,กะทิ,,,,,,,,,,,,,,
43,ต้ม,แกงมัสมั่นไก่,ไก่,พริกแกงมัสมั่น,มันฝรั่ง,หอมหัวใหญ่,ถั่วลิสง,น้ำปลา,น้ำตาลปี๊บ,น้ำมะขามเปียก,หัวกะทิ,หางกะทิ,,,,,,,,,,,,,,,,
44,ต้ม,ต้มยำไก่บ้าน,ไก่บ้าน,น้ำพริกเผา,น้ำปลา,น้ำมะขามเปียก,มะนาว,พริกสด,ใบมะกรูด,น้ำซุปหมู,ข่า ,ตะไคร้,หอมแดง,ผักชีฝรั่ง,,,,,,,,,,,,,,
45,ต้ม,แกงเขียวหวานพาสต้า,เส้นสปาเก็ตตี้,พริกแกงเขียวหวาน,ไก่,กะทิ,ใบโพระพา,มะเขือเปราะ,น้ำซุปไก่,น้ำตาลปี๊บ,น้ำปลา,พริกชี้ฟ้า,ใบมะกรูด,,,,,,,,,,,,,,,
46,ต้ม,แกงกะหรี่ไก่,ไก่,เกลือ,พริกไทย,น้ำมันพืช,กระเทียม,ขิง,หอมหัวใหญ่,ผงแกงกะหรี่,ซุปไก่,แครอท,เนื้อแอบเปิล,ซอสโชยุ,ซอสมะเขือเทศ,เกลือ,ใบกระวาน,มันฝรั่ง,ถั่วลันเตา,เนย,แป้งข้าวโพด,,,,,,,
47,ต้ม,แกงจืดเต้าหู้ไข่ม้วน,หมูบะช่อ,ไข่ไก่,วุ้นเส้น,ซอสปรุงรส,พริกไทย,เห็ดหูหนู,น้ำซุปหมู,ผักกาดขาว,แครอท,ต้นหอม,ผักขึ้นฉ่าน,เต้าหู้ไข่,,,,,,,,,,,,,,
48,ต้ม,แกงไก่ใส่ฟักหม่น,ไก่,ฟักเขียว,ผักชีฝรั่ง,มะแขว่น,น้ำปลา,น้ำมันพืช,น้ำซุป,พริกแห้ง,ข่า ,ตะไคร้,หอมแดง,กระเทียม,เกลือ,ปลาร้าสับ,กะปิ,,,,,,,,,,,
49,ต้ม,ซุปตีนไก่,ซี่โครงไก่,ตีนไก่,เกลือ,พริกไทย,น้ำเปล่า,ข่า ,ตะไคร้,พริกสด,แห้ว,มะนาว,ต้นหอม,ไวน์แดง,,,,,,,,,,,,,,
50,ต้ม,โจ๊กไก่,ซี่โครงไก่,ไก่,ขิง,ต้นหอม,พริกไทย,ซอสปรุงรส,ข้าวสาร,น้ำเปล่า,เกลือ,รากผักชี,,,,,,,,,,,,,,,,
51,ต้ม,แกงคั่วฟักไก่,ฟักเขียว,ไก่,หัวกะทิ,หางกะทิ,พริกแกงเผ็ด,น้ำตาลปี๊บ,น้ำปลา,น้ำมะขามเปี๊ยก,ใบโพระพา,ใบมะกรูด,,,,,,,,,,,,,,,,
52,ต้ม,ปีกไก่ตุ๋นซอสขิง,ปีกไก่,ขิง,หัวครอท,หอมหัวใหญ่,ต้นหอม,พริกสด,ซอสน้ำมันหอย,ซอสถั่วเหลือง,เหล้าจีน,น้ำตาล,น้ำเปล่า,,,,,,,,,,,,,,,
53,ต้ม,แกงแคไก่,ไก่,น้ำมัน,ผักตำลึง,เนื้อมะพร้าวอ่อน,ยอดชะอม,ถั่วฝักยาว,มะเขือพวง,ใบชะพลู   ,ใบมะกรูด,ผักชีฝรั่ง,เห็ดฟาง,น้ำซุป,,,,,,,,,,,,,,
54,ต้ม,ยำจิ้นไก่,ไก่,เห็ดฟาง,หัวปลี,ข่า ,ตะไคร้,หอมแดง,กระเทียม,พริกแห้ง,ผักชี,ต้นหอม,น้ำซุปไก่ประมาณ,,,,,,,,,,,,,,,
55,ต้ม,ไก่ตุ๋นโสมเกาหลี,ไก่,กระเทียม,ข้าวเหนียว,ขิง,โสมเกาหลี,ต้นหอมญี่ปุ่น,พุทรา,แป๊ะก๋วย,น้ำเปล่า,เกลือ,พริกไทย,,,,,,,,,,,,,,,
56,ต้ม,ซุปไก่กับรากบัว,รากบัว,น่องไก่,น้ำส้มสายชู,น้ำตาล,ซอสถั่วเหลือง,สาเก,มิริน,น้ำมันงา,,,,,,,,,,,,,,,,,,
57,ต้ม,แกงเผ็ดไก่ฟักทอง,ไก่,ฟักทอง,หัวกะทิ,หางกะทิ,พริกแกงเผ็ด,น้ำตาลปี๊บ,น้ำปลา,พริกเม็ดใหญ่,พริกขี้หนู,ใบมะกรูด,ใบโพระพา,,,,,,,,,,,,,,,
58,ต้ม,แกงตูนปลา,ปลาช่อน,ก้านบอน,มะนาว,น้ำมะกรูด,ใบโพระพา,มะเขือเทศ,น้ำปลา,เกลือ,น้ำซุป,น้ำมันพืช,พริกสด,หอมแดง,กระเทียม,กะปิ,ปลาร้าสับ,ขมิ้น,,,,,,,,,,
59,ต้ม,น้ำยากะทิ,ขนมจีน,หัวกะทิ,หอมแดง ,กระเทียม,ข่า  ,ตะไคร้,กระชาย  ,พริกแห้ง,หางกะทิ,ปลานิล,ลูกชิ้นปลา,น้ำปลา,น้ำเปล่า,เกลือ,กะปิ,เครื่องเคียง,,,,,,,,,,
60,ต้ม,น้ำยาป่า,ปลานิล,ปลาร้าต้มสุก,พริกขี้หนู,กระชาย ,หอมแดง,กระเทียม,เส้นขนมจีน,ต้นหอม,ผักชีฝรั่ง,ใบมะกรูด,พริกแห้งใหญ่,พริกแห้ง,ข่า ,ตะไคร้,เกลือ,น้ำปลา,น้ำเปล่า,ไข่ไก่,ผักสด,,,,,,,
61,ต้ม,แกงกะทิสายบัวปลาทู,ปลาทู,สายบัว,หางกะทิ,หัวกะทิ,กะปิ,น้ำมะขามเปียก,น้ำตาลปี๊บ,พริกชี้ฟ้า,หอมแดง,น้ำปลา,พริกไทยดำป่น,,,,,,,,,,,,,,,
62,ต้ม,ปลาทูต้มขมิ้น,ปลาทู,ข่า ,ข่า ,ตะไคร้,หอมแดง,ผักชีฝรั่ง,เนื้อขมิ้น,น้ำตาลปี๊บ,น้ำปลา,น้ำมะขามเปียก,มะนาว,พริกแห้ง,น้ำเปล่า,,,,,,,,,,,,,
63,ต้ม,ต้มแซ่บปลาคัง,เนื้อปลาคัง,น้ำตาลปี๊บ,กระเทียมดอง,น้ำกระเทียมดอง,กระเทียม,พริกสด,รากผักชี,น้ำซุปหมู,ผักชี,มะนาว,เกลือ,น้ำปลา,พริกป่น,ใบกะเพรา,,,,,,,,,,,,
64,ต้ม,แกงส้มปลากดหน่อไม้ดอง,เนื้อปลากด,พริกแห้ง,กระชาย ,กระเทียม,กะปิ,น้ำมะขามเปี๊ยก,น้ำตาลปี๊บ,หอมแดง,เกลือ,น้ำปลา,หน่อไม้ดอง,ใบมะกรูด,พริกสด,น้ำซุปหมู,,,,,,,,,,,,
65,ต้ม,ต้มยำปลานิล,ปลานิล,น้ำพริกเผา,น้ำปลา,น้ำมะขามเปียก,มะนาว,พริกสด,ใบมะกรูด,น้ำซุปหมู,ข่า ,ตะไคร้,หอมแดง,ผักชีฝรั่ง,,,,,,,,,,,,,,
66,ต้ม,ต้มยำปลาช่อน,ปลาช่อน,น้ำพริกเผา,น้ำปลา,น้ำมะขามเปียก,มะนาว,พริกสด,ใบมะกรูด,น้ำซุปหมู,ข่า ,ตะไคร้,หอมแดง,ผักชีฝรั่ง,,,,,,,,,,,,,,
67,ต้ม,แกงส้มปลาโจก,ปลาโจก,น้ำซุปหมู,เห็ดฟาง,ข่า ,ตะไคร้,ใบมะกรูด,น้ำปลา,เกลือ,น้ำมะขามเปียก,มะเขือเทศ,น้ำตาล,,,,,,,,,,,,,,,
68,ต้ม,แกงเขียวหวานลูกชิ้นปลากราย,เนื้อปลากราย,ซอสถั่วเหลือง,น้ำตาลปี๊บ,พริกแกงเขียวหวาน,กะทิ,ใบโพระพา,มะเขือเปราะ,น้ำซุปไก่,น้ำตาลปี๊บ,น้ำปลา,พริกชี้ฟ้าแดง,ใบมะกรูด,,,,,,,,,,,,,,
69,ต้ม,ข้าวต้มปลามิโซะ,ข้าวหุงสุก,ซอสมิโซะ,น้ำซุปปลาแห้งญี่ปุ่น,เนื้อปลาหั้นพอคำ,เห็ดเข็มทอง,ต้นหอมญี่ปุ่น,,,,,,,,,,,,,,,,,,,,
70,ต้ม,แกงคั่วมะระปลาดุก,พริกแห้ง,เกลือ,กระเทียม,ข่า ,ตะไคร้,ผิวมะกรูด,รากผักชี,หอมแดง,กะปิ,เนื้อปลาดุก,มะระพอคำ,ใบมะกรูด,พริกสด,กะทิ,น้ำเปล่า,น้ำปลา,น้ำตาล,น้ำมันพืช,,,,,,,,
71,ต้ม,แกงป่าปลาช่อน,ปลาช่อน,พริกแกง,มะเขือเจ้าพระยา,พริกสด,กระชาย ,ใบกะเพรา,น้ำปลา,,,,,,,,,,,,,,,,,,,
72,ต้ม,แกงปลาใส่ตูน,ปลาช่อน,ตูน,มะนาว,น้ำมะกรูด,ใบโพระพา,มะเขือเทศ,น้ำปลา,เกลือ,น้ำซุป,น้ำมันพืช,พริกสด,หอมแดง,กระเทียม,กะปิ,ปลาร้าสับ,ขมิ้น,,,,,,,,,,
73,ต้ม,โจ๊กปลาเก๋า,ข้าวหอมมะลิ,เกลือ,น่ำซุป,เนื้อปลาเก๋า,ขิง,ต้นหอม,,,,,,,,,,,,,,,,,,,,
74,ต้ม,แกงส้มปลาช่อนผักรวม,ปลาช่อน,น้ำพริกแกงส้ม,ผักกวางตุ้ง,หัวไชเท้า,ถั่วฝักยาว,น้ำเปล่า,น้ำตาลปี๊บ,น้ำปลา,น้ำมะขามเปียก,ผักกาดขาว,,,,,,,,,,,,,,,,
75,ต้ม,แกงผักหวานใส่ปลาย่าง,ปลาดุก,ปลาแห้ง,ผักหวานป่า,มะเขือเทศ,วุ้นเส้น,น้ำซุปกระดูกหมู,พริกแห้ง,หอมแดง,กระเทียม,กะปิ,ไข่มดแดง,ปลาร้าสับ,,,,,,,,,,,,,,
76,ต้ม,ต้มยำปลาทู,ปลาทู,พริกสด,น้ำมะขามเปียก,มะนาว,มะเขือเทศ,หอมแดง,ตะไคร้,เห็ดฟาง,ข่า ,ใบมะกรูด,ผักชีฝรั่ง,น้ำซุปกระดุกหมู,,,,,,,,,,,,,,
77,ต้ม,แกงไตปลา,ไตปลา,ปลาดุก,ถั่วฝักยาว,หน่อไม้,มะเขือเปราะ,ส้มแขก,ใบมะกรูด,ฟักทอง,พริกแห้ง,พริกขี้หนู,น้ำมะขามเปียก,ข่า ,ตะไคร้,ผิวมะกรูด,พริกไทย,กระเทียม,หอมแดง,ขมิ้น,กะปิ,เกลือ,น้ำเปล่า,,,,,
78,ต้ม,ปลาดุกผักพริกหยวก,ปลาดุก,พริกแกงเผ็ด,พริกหยวก,ใบมะกรูด,ใบโพระพา,หัวกะทิ,น้ำเปล่า,กระชาย ,น้ำตาล,น้ำปลา,น้ำมันพืช,,,,,,,,,,,,,,,
79,ต้ม,ต้มยำปลาทู,ปลาทู,พริกขี้หนู,น้ำมะขามเปียก,มะนาว,น้ำปลา,หอมแดง,ตะไคร้,เห็ดฟาง,ข่า ,ใบมะกรูด,ผักชีฝรั่ง,น้ำซุปกระดุกหมู,,,,,,,,,,,,,,
80,ต้ม,แกงผักหวานป่าใส่ไข่มดแดง,ยอดผักหวานป่าอ่อน,ไข่มดแดง,ใบแมงลัก,ปลาร้า,นํ้าปลา,น้ำเปล่า,พริกขี้หนู,ตะไคร้,หอมแดง,เกลือ,ใบมะกรูด,,,,,,,,,,,,,,,
81,ต้ม,แกงเลียงกุ้งสด,กุ้ง,ข้าวโพดอ่อน,บวบ,เห็ดโคน,เนื้อฟักทอง,ใบแมงลัก,น้ำเปล่า,น้ำปลา,พริกไทยเม็ด,หอมแดง ,กะปิ,กุ้งแห้ง,,,,,,,,,,,,,,
82,ต้ม,ใบเหลียงต้มกะทิ,ใบเหลียงอ่อน,หัวกะทิ,หางกะทิ,กุ้ง,กะปิ,หอมแดง,พริกไทย,กุ้งแห้ง,น้ำปลา,น้ำตาลปี๊บ,ไข่ไก่,,,,,,,,,,,,,,,
83,ต้ม,แกงส้มต้นอ่อนทานตะวัน,พริกแกงส้ม,ปลานิล,น้ำตาลปี๊บ,น้ำปลา,น้ำมะขามเปี๊ยก,หัวไชเท้า,ดอกแค,กุ้ง,ต้นอ่อนทานตะวัน,ไข่ไก่,น้ำเปล่า,น้ำมันพืช,,,,,,,,,,,,,,
84,ต้ม,ขนมจีนซาวน้ำ,หัวกะทิ,เส้นขนมจีน,น้ำตาลปี๊บ,น้ำปลา,น้ำตาล,มะนาว,ขิง,กระเทียม,กุ้งแห้ง,พริกสด,สับปะรด,ไข่ไก่,เนื้อปลากราย,มะนาว,รากผักชี,,,,,,,,,,,
85,ต้ม,ต้มยำกุ้ง,กุ้ง,เห็ดโคน,น้ำพริกเผา,น้ำปลา,น้ำมะขามเปียก,มะนาว,พริกขี้หนู,นมข้นจืด,ใบมะกรูด,น้ำซุปกระดูกหมู,ข่า ,ตะไคร้,หอมแดง,ผักชีฝรั่ง,,,,,,,,,,,,
86,ต้ม,ข้าวต้มกุ้ง,กุ้ง,น้ำเปล่า,ข้าวหุงสุก,ซี่โครงหมู,ซีอิ๊วขาว,กระเทียมเจียว,เห็ดหอม,คึ้นฉ่าย,พริกไทยป่น,เกลือ,,,,,,,,,,,,,,,,
87,ต้ม,แกงเลียงกะทิสด,กุ้ง,หางกะทิ,ข้าวโพดอ่อน,บวบ,เห็ดโคน,ฟักทอง,ใบแมงลัก,น้ำเปล่า,น้ำปลา,พริกไทย,หอมแดง,กะปิ,เต้าหู้,กุ้งแห้ง,,,,,,,,,,,,
88,ต้ม,แกงส้มชะอมไข่,ไข่ไก่,กุ้ง,ยอดชะอม,น้ำพริกแกงส้ม,น้ำมะขามเปียก,น้ำตาลปี๊บ,น้ำปลา,มะนาว,น้ำเปล่า,หัวไชเท้า,ผักกระเฉด,น้ำมันพืช,,,,,,,,,,,,,,
89,ต้ม,ต้มจับฉ่าย,กระดูกเล้ง,แครอท,หัวไชเท้า,เห็ดหอม,น้ำตาลกรวด,ซอสปรุงรส,รากผักชี,ผักโขม,ผักคะน้า,คื่นฉ่าย,ต้นกระเทียม,กะหล่ำปลี,ฟองเต้าหู้,ผักกวางตุ้ง,ซีอิ้วขาว,น้ำตาลปี๊บ,รากผักชี,น้ำมันพืช,,,,,,,,
90,ต้ม,แกงเห็ดเผาะใส่ผักหวาน,ผักหวาน,เก็ดเผาะ,ผักติ้ว,ใบย่านาง,ข้าวเบือ,ไข่มดแดง,พริกสด,ตะไคร้,หอมแดง,น้ำปลา,น้ำตาล,น้ำปลาร้า,,,,,,,,,,,,,,
91,ต้ม,ต้มกะหล่ำปลีเห็ดหอม,กะหล่ำปลี,เต้าหู้,เห็ดหอม,ฟองเต้าหู้,แครอท,ซอสเห็ดหอม,ซอสปรุงรส,น้ำตาล,เกลือ,ซอสถั่วเหลือง,น้ำมันพืช,น้ำเปล่า,,,,,,,,,,,,,,
92,ต้ม,แกงชักส้มดอกมะขามอ่อน,พริกแห้ง,หอมแดง,กระเทียม,ตะไคร้,ข่า ,ปลาช่อน,ผักบุ้ง,ฝักมะขามอ่อน,หัวกะทิ,มะกรูด,น้ำมะกรูด,ใบมะกรูด,ดอกมะขามอ่อน,ปลาอินทรีย์,น้ำมะขามเปียก,น้ำตาล,น้ำตาลปี๊บ,น้ำปลา,เกลือ,,,,,,,
93,ต้ม,ต้มยำเห็ดรวม,เห็ดโคน,เห็ดนางฟ้า,เห็ดเข็มทอง,เห็ดหูหนู,น้ำพริกเผา,น้ำปลา,น้ำมะขามเปียก,มะนาว,พริกสด,ใบมะกรูด,น้ำซุปหมู,ข่า ,ตะไคร้,หอมแดง,ผักชีฝรั่ง,,,,,,,,,,,
94,ต้ม,แกงลาว,หน่อไม้,เนื้อปลาดุกย่าง,ยอดชะอม,ใบแมงลัก,ใบย่านาง,น้ำปลาร้า,น้ำปลา,ฟักทอง,เห็ดฟาง,ข้าวโพดอ่อนและบวบ,พริกสด,หอมแดง,ตะไคร้,ข้าวเหนียวแช่น้ำ,กะปิ,,,,,,,,,,,
95,ต้ม,แกงหน่อไม้ใบย่านาง,หน่อไม้,เนื้อปลาดุกย่าง,ยอดชะอม,ใบแมงลัก,ใบย่านาง,น้ำปลาร้า,น้ำปลา,ฟักทอง,เห็ดฟาง,บวบ,พริกสด,หอมแดง,ตะไคร้,ข้าวเหนียวแช่น้ำ,กะปิ,เกลือ,,,,,,,,,,
96,ต้ม,แกงหัวปลีใบชะพลู,หัวปลี,กะทิ,ซุปหมู,ใบชะพลู   ,พริกสด,หอยนางรม,น้ำปลา,,,,,,,,,,,,,,,,,,,
97,ต้ม,แกงเห็ดฟางใส่ผักหวาน,ยอดผักหวาน,เห็ดนางฟ้า,เห็ดฟาง,เห็ดโคน,เห็ดนางฟ้า,พริกขี้หนู,หอมแดง,ตะไคร้,ฟักทอง ,ไข่มดแดง,ใบแมงลัก,น้ำปลาร้า,น้ำปลา,,,,,,,,,,,,,
98,ต้ม,แกงเผ็ดเป็ดย่าง,เป็ดเชอรี่,รากผักชี,ซอสปรุงรส,ซอสน้ำมันหอย,สับปะรด,ใบมะกรูด,น้ำตาลปี๊บ,น้ำกะทิคั้นสด,มะเขือเทศราชินี,เกลือ,น้ำปลา,น้ำซุปกระดูกไก่,น้ำมันพืช,พริกแกงเผ็ด,ใบโพระพา,,,,,,,,,,,
99,ต้ม,ซุปไข่,ไข่ไก่,กุ้ง,กุ้งแห้ง,เห็ดหอม,ดอกไม้จีนแห้ง,ฟองเต้าหู้,เกลือ,พริกไทย,น้ำซุปไก่,แป้งข้าวโพด,น้ำมันพืช,ต้นหอม,,,,,,,,,,,,,,
100,ต้ม,ต้มยำไข่เจียว,ไข่ไก่,เห็ดฟาง,ข่า ,ตะไคร้,ใบมะกรูด,หอมแดง,ผักชีฝรั่ง,น้ำมะขามเปียก,พริกขี้หนู,นมข้นจืด,น้ำพริกเผา,น้ำปลา,มะนาว,น้ำซุปกระดูก,น้ำมันพืช,ใบผักชี,,,,,,,,,,
101,ต้ม,แกงผักหวานใส่ไข่มดแดง,ผักหวานป่า,ไข่มดแดง,ใบแมงลัก,ปลาร้า,นํ้าปลา,น้ำเปล่า,พริกสด,ตะไคร้,หอมแดง,เกลือ,ใบมะกรูด,,,,,,,,,,,,,,,
102,ต้ม,แกงส้มชะอมไข่,ไข่ไก่,กุ้ง,ชะอมเด็ดยอด,น้ำพริกแกงส้ม,น้ำมะขามเปียก,น้ำตาลปี๊บ,น้ำปลา,มะนาว,น้ำเปล่า,น้ำมันพืช,,,,,,,,,,,,,,,,
103,ต้ม,แกงมะเขือเทศใส่ไข่,มะเขือเทศ,หมูสับ,ไข่ไก่,เกลือ,น้ำซุปไก่,น้ำตาล,น้ำมันพืช,,,,,,,,,,,,,,,,,,,
104,ต้ม,แกงมัสมั่น,เนื้อวัว,หางกะทิ,น้ำตาลปี๊บ,เกลือ,มันฝรั่ง,พริกแกงมัสมั่น,น้ำมะขามเปียก,อบเชย,เม็ดมะม่วงหิมพานต์,ใบกระวาน,หอมหัวใหญ่,,,,,,,,,,,,,,,
105,ต้ม,พะแนงเนื้อ,เนื้อวัว,พริกแกงพะแนง,น้ำมันพืช,หางกะทิ,น้ำตาลปี๊บ,น้ำปลา,พริกชี้ฟ้า,ใบมะกรูด,ใบโพระพา,,,,,,,,,,,,,,,,,
106,ต้ม,อูด้ง,เนื้อวัว,หอมหัวใหญ่,ซอสถั่วเหลือง,สาเก,มิริน,น้ำตาล,เส้นอูด้ง,เต้าหู้ไข่,ต้นหอม,ซุปดาชิ,ซอสถั่วเหลือง,มิริน,สาเก,น้ำตาล,,,,,,,,,,,,
107,ต้ม,หมี่เนื้อ,เส้นโซเม็ง,เนื้อวัว,พริกชี้ฟ้า,หอมหัวใหญ่,ต้นหอม,เห็ดหอม,ผักกวางตุ้ง,กระเทียมเจียว,เกลือ,ซอสถั่วเหลือง,พริกไทยป่น,กระดูกวัวส่วนสันหลัง,น้ำ,น้ำตาล,กระเทียม,ขิง,พริกไทยดำ,ผงซุปเนื้อ,,,,,,,,
109,ต้ม,ต้มแซ่บเนื้อวัว,เนื้อวัวส่วนติดมันและติดเอ็น,เกลือ,ข่า ,มะเขือเทศ,น้ำตาลปี๊บ,ตะไคร้,ผักชีฝรั่ง,หอมแดง,ใบมะกรูด,น้ำมะขามเปียก,น้ำปลา,พริกสด,พริกป่น,,,,,,,,,,,,,
110,ต้ม,แกงคั่วกะทิหอยแครง,พริกแห้ง,พริกไทย,ข่า ,หอมแดง,ตะไคร้,ขมิ้น,ผิวมะกรูด,กระเทียม,กะปิ,หอยแครง,หัวกะทิ,หางกะทิ,น้ำตาลปี๊บ,น้ำปลา,ผงยี่หร่า,ใบชะพลู   ,พริกหยวก,,,,,,,,,
111,ต้ม,ต้มยำรวมมิตรทะเล,กุ้ง,ปลาหมึก,ปลาทะเล,หอยแมลงภู่,ไข่ไก่,น้ำพริกเผา,น้ำปลา,น้ำมะขามเปียก,มะนาว,พริกสด,นมข้นจืด,ใบมะกรูด,น้ำซุปหมู,ข่า ,ตะไคร้,หอมแดง,ผักชีฝรั่ง,,,,,,,,,
112,ต้ม,แกงเขียวหวานทะเล,ปลาหมึก,กุ้ง,หอยนางรม,พริกแกงเขียวหวาน,กะทิ,ใบโพระพา,มะเขือเปราะ,น้ำซุปไก่,น้ำตาลปี๊บ,น้ำปลา,พริกชี้ฟ้าแดง,ใบมะกรูด,,,,,,,,,,,,,,
113,ต้ม,ขนมจีนน้ำยาปู,เนื้อปู,กะทิ,น้ำตาลปี๊บ,เกลือ,ใบมะกรูด,พริกขี้หนู,พริกแห้งเม็ดใหญ่,พริกไทย,ข่า ,ตะไคร้,ผิวมะกรูด,กระเทียม,ขมิ้น,กะปิ,ขนมจีน,,,,,,,,,,,
114,ต้ม,ต้มโคล้งทะเล,กุ้ง,ปลาหมึก,หอยแมลงภู่่,เนื้อปลา,น้ำซุปกระดูกหมู,เห็ดโคน,น้ำมะขามเปียก,หอมแดง,เกลือ,พริกแห้ง,ตะไคร้,ใบมะกรูด,มะนาว,,,,,,,,,,,,,
115,ต้ม,อังโกะ นาเบะ,เนื้อปลา,เห็ดโคน,แครอท,เห็ดมาริตา,ต้นหอมญี่ปุ่น,ซอสมิโซะ,สาหร่าย,สาเก,น้ำซุปกระดูกหมู,,,,,,,,,,,,,,,,,
116,ต้ม,มาม่าต้มยำสไตล์เกาหลี,ม่ามาต้มยำ,หน่อไม้ฝรั่ง,เห็ดเข็มทอง,ขิง,ต้นหอม,ไข่ไก่,กุ้ง,พริกสด,ปลาแซลมอน,,,,,,,,,,,,,,,,,
117,ต้ม,โอเด้ง,หัวไชเท้า,มันฟรั่ง,ไข่ไก่,เต้าหู้,ganmodoki,สาหร่าย,ลูกชิ้นปลา,ซอสถั่วเหลือง,สาเก,น้ำตาล,,,,,,,,,,,,,,,,
118,ต้ม,ต้มส้มปลาหมึก,ปลาหมึก,ข่า ,ตะไคร้,หอมแดง,ใบมะกรูด,พริกขี้หนู,ใบมะขามอ่อน,น้ำปลา,น้ำตาล,น้ำเปล่า,ต้นหอม,ผักชีฝรั่ง,,,,,,,,,,,,,,
0,ทอด,หมูทอดกะปิ,หมูสามชั้น,กะปิ,น้ำตาลปึก,ซอสหอยนางรม,น้ำปลา,ใบมะกรูด,พริกแห้ง,น้ำมันสำหรับทอดหมู,,,,,,,,,,,,,,,,,,
1,ทอด,หมูโสร่ง,หมูบะช่อ,หมูสับ,มันหมู,ไข่ไก่,เส้นบะหมี่,รากผักชี,กระเทียม,พริกไทย,ซอสปรุงรส,น้ำจิ้มอาจาด,แตงกวา,พริกหนุ่ม,หอมแดง,ถั่วลิสง,น้ำจิ้มไก่,น้ำมันพืช,,,,,,,,,,
2,ทอด,พริกหยวกหมูสับ,พริกหยวก,หมูสับ,มันหมู,พริกไทย,เกลือ,น้ำตาล,น้ำปลา,แป้งมัน,น้ำมันพืชสำหรับทอด,,,,,,,,,,,,,,,,,
3,ทอด,ซี่โครงหมูสามรส,ซี่โครงหมู,เกลือ,พริกไทย,แป้งสาลี,ซอสปรุงรส,กระเทียม,น้ำสับปะรด,น้ำตาลปี๊บ,น้ำส้มสายชู,ซอสถั่วเหลือง,สับปะรด,พริกสด,ผักสด,น้ำมันพืช,,,,,,,,,,,,
4,ทอด,ยำหมูกรอบ,หมูกรอบ,พริกสด,น้ำตาล,น้ำปลา,มะนาว,หอมแดง,ผักชี,แตงกวา,,,,,,,,,,,,,,,,,,
5,ทอด,คอหมูแดดเดียวทอด,คอหมู,น้ำมันงา,ซอสน้ำมันหอย,ซอสถั่วเหลือง,ซอสปรุงรส,พริกไทย,น้ำตาลปี๊บ,น้ำเปล่า,น้ำมันพืช,,,,,,,,,,,,,,,,,
6,ทอด,หมูกรอบ,หมูสามชั้น,น้ำส้มสายชู,พริกไทย,เกลือ,ผงรสดี,น้ำมันสำหรับทอด,,,,,,,,,,,,,,,,,,,,
7,ทอด,ข้าวหมูกรอบ,ข้าวสวย,หมูกรอบ,แตงกวา,หอมแดง,กระเทียม,เต้าเจี้ยว,กะทิ,น้ำตาล,ซอสหอยนางรม,รากผักชี,นมสด,ซีอิ้วดำ,น้ำซุป,น้ำมันพืช,แป้งมัน,,,,,,,,,,,
8,ทอด,หมูทอด,หมูสามชั้น,น้ำปลา,กระเทียม,ขิง,เกลือ,ไข่ไก่,น้ำส้มสายชู,แป้งทอดกรอบ,น้ำมัน,,,,,,,,,,,,,,,,,
9,ทอด,น้ำพริกหมูกรอบ,หมูกรอบ,หอมแดง,กระเทียม,พริกแห้ง,น้ำตาลปี๊บ,ใบมะกรูด,น้ำปลา,น้ำมะขามเปียก,พริกแกงเผ็ด,กุ้งแห้ง,,,,,,,,,,,,,,,,
10,ทอด,จ๋ายอ,หมูยอดิบ,รากผักชี,หอมแดง,น้ำมัน,,,,,,,,,,,,,,,,,,,,,,
11,ทอด,พริกหยวกทรงเครื่องชุบแป้งทอด,พริกหยวก,หมู,ซีอิ๊วเกาหลี,กระเทียม,ต้นหอม,งาเกลือ,พริกไทย,น้ำมันงา,น้ำมันพืช,ถ้วยแป้งสาลี,ไข่ไก่,,,,,,,,,,,,,,,
12,ทอด,ขนมปังหน้าหมู,หมูสับ,ไข่ไก่,น้ำปลา,รากผักชี,ผักชี,พริกไทย,ซอสถ้วยเหลือง,ขนมปัง,,,,,,,,,,,,,,,,,,
13,ทอด,ล่าเตียง,ไข่เป็ด,กุ้ง,หอมแดง,ถั่วลิสง,รากผักชี,กระเทียม,พริกไทย,น้ำตาลปี๊บ,น้ำปลา,น้ำมันพืช,ผักสด,,,,,,,,,,,,,,,
14,ทอด,ไส้อ่อนผัดพริกเกลือ,ไส้อ่อน,ซอสปรุงรส,พริกไทย,เกลือ,เกลือ,พริกไทย,กระเทียม,พริกขี้หนู,พริกชี้ฟ้า,รากผักชี,ผงปรุงรส,น้ำตาล,ต้นหอม,แป้งข้าวโพด,น้ำมันพืช,,,,,,,,,,,
15,ทอด,ไส้อ่อนทอดกระเทียมพริกไทย,ไส้อ่อน,ซอสปรุงรส,พริกไทย,กระเทียม,รากผักชี,พริกไทย,น้ำตาล,ซอสหอยนางรม,ซอสถั่วเหลือง,แป้งข้าวโพด,น้ำมันพืช,ผักสด,,,,,,,,,,,,,,
16,ทอด,หมูสามชั้นทอดพริกแกง,หมูสามชั้น,พริกแกงเผ็ด,น้ำตาล,น้ำปลา,น้ำเปล่า,แป้งอเนกประสงค์,น้ำมันพืชสำหรับทอด,,,,,,,,,,,,,,,,,,,
17,ทอด,ทอดมันปลากรายข้าวเหนียว,ข้าวเหนียว,เนื้อปลากราย,พริกไทย,ใบตะไคร้,แป้งมัน,เกลือ,ผักชีลาว,พริกชี้ฟ้า,น้ำปลา,น้ำมันพืช,ซอสพริก,,,,,,,,,,,,,,,
18,ทอด,ยำปลาดุกฟู,ปลาดุก,น้ำปลา,มะนาว,น้ำตาลปีี๊บ,พริกขี้หนู,หอมแดง,มะม่วงดิบ,ถั่วลิสง,ผักชี,น้ำมันพืช,,,,,,,,,,,,,,,,
19,ทอด,ปลาช่อนลุยสวน,ปลาช่อน,พริกขี้หนู,มะนาว,น้ำตาลปัี๊บ,น้ำปลา,ผักชีฝรั่ง,ขิงอ่อน,ผักชี,ใบสะระแหน่,ตะไคร้,หอมแดง,มะนาว,ถั่วลิสง,น้ำมันพืช,น้ำพริกเผา,แป้งข้าวโพด,พริกแห้งทอด,ผักสด,,,,,,,,
20,ทอด,ปลากะพงทอดน้ำปลา,ปลากะพง,น้ำปลา,พริกไทย,น้ำตาลปี๊บ,น้ำส้มสายชู,น้ำมันพืชสำหรับทอด,มะม่วงแก้วดิบ,หอมแดง,พริกขี้หนู,ถั่วลิสง,แป้งข้าวโพด,,,,,,,,,,,,,,,
21,ทอด,ปลาเนื้ออ่อนราดพริก,ปลาเนื้ออ่อน,พริกขี้หนู,กระเทียม,น้ำมะขามเปียก,น้ำตาลปี๊บ,น้ำปลา,แป้งข้าวโพด,ใบผักชี,น้ำมันพืชสำหรับทอด,,,,,,,,,,,,,,,,,
22,ทอด,ทอดมันปลากราย,เนื้อปลากราย,ไข่ไก่,ถั่วฝักยาว,ใบมะกรูด,น้ำตาลปี๊บ,เกลือ,พริกแกงเผ็ด,น้ำมันพืชสำหรับทอด,แตงกวา,ถั่วลิสง,น้ำตาล,น้ำส้มสายชู,พริกขี้หนู,ใบกะเพรา,,,,,,,,,,,,
23,ทอด,ปลาราดพริก,ปลาทับทิม,แป้งข้าวโพด,น้ำมันพืชสำหรับทอดปลา,กระเทียม,พริกสด,น้ำตาล,ผักชี,น้ำปลา,ผักสด,,,,,,,,,,,,,,,,,
24,ทอด,ทอดมันหัวปลี,หัวปลี,ข่า ,ตะไคร้,ผิวมะกรูด,พริกแห้ง,กระเทียม,หอมแดง,เกลือ,ไข่ไก่,หมูสับ,แป้งสาลี,น้ำปลา,น้ำมันสำหรับทอด,,,,,,,,,,,,,
25,ทอด,ปลาช่อนทอดน้ำปลา,ปลาช่อน,น้ำมันพืช,เกลือ,น้ำตาลปี๊บ,น้ำปลา,หอมแดง,รากผักชี,ผักชี,,,,,,,,,,,,,,,,,,
26,ทอด,ปลากะพงทอดคั่วพริกเกลือ,ปลากะพง,กระเทียม,พริกชี้ฟ้า,เกลือ,แป้งทอดกรอบ,น้ำมันปาล์ม,น้ำตาล,พริกไทย,กระเทียมเจียว,,,,,,,,,,,,,,,,,
27,ทอด,ปลาช่อนเกยตื้น,ปลาช่อน,มะเขือยาว,เต้าเจี้ยว,น้ำตาล,น้ำมันสำหรับทอด,ใบโพระพา,น้ำจิ้มซีฟู๊ด,,,,,,,,,,,,,,,,,,,
28,ทอด,ผัดชะอมปลาชอนทอดกรอบ,ยอดผักชะอม,กระเทียม,พริกสด,เนื้อปลาช่อน,ซอสปรุงรส,น้ำตาล,เต้าเจี้ยว,แป้งข้าวโพด,น้ำมันสำหรับทอดและผัด,เกลือ,ซอสน้ำมันหอย,น้ำตาล,น้ำปลา,,,,,,,,,,,,,
29,ทอด,ปลานิลทอดกระเทียมพริกไทย,ปลานิล,กระเทียม,พริกไทย,เกลือ,ซีอิ๊วขาว,น้ำตาล,ซอสปรุงรส,ซอสน้ำมันหอย,แป้งข้าวโพด,,,,,,,,,,,,,,,,,
30,ทอด,ปลาช่อนจู่ขิง,เนื้อปลาช่อน,น้ำมัน,น้ำซุป,ต้นหอม,ขิง,พริกไทย,กระเทียม,เต้าเจี้ยว,,,,,,,,,,,,,,,,,,
31,ทอด,ปลากะพงผัดต้มยำแห้ง,ปลากะพง,แป้งสาลี,ใบกะเพรา,น้ำตาล,น้ำปลา,มะนาว,ข่า ,ตะไคร้,ใบมะกรูด,พริกสด,แป้งมัน,นำมันพืช,น้ำพริกเผา,,,,,,,,,,,,,
32,ทอด,สะเดาทรงเครื่อง,ปลาดุก,ใบสะเดา,น้ำมะขามเปียก,น้ำเปล่า,ถั่วลิสง,เกล็ดขนมปัง,น้ำมันพืช,น้ำตาลปี๊บ,น้ำปลา,หอมแดงเจียว ,พริกทอด,,,,,,,,,,,,,,,
33,ทอด,ปลากะพงทอดราดกะทิทรงเครื่อง,ปลากะพง,หัวกะทิ,น้ำตาลปี๊บ,น้ำปลา,มะนาว,น้ำพริกเผา,หอมแดง,กระเทียม,พริกสด,มะม่วง,เม็ดมะม่วงหิมพานต์,น้ำมัน,,,,,,,,,,,,,,
34,ทอด,น้ำพริกปรากรอบ,ปลาซิว,น้ำมันสำหรับทอด,เกลือ,ข่า ,ตะไคร้,ผิวมะกรูด,เปลือกพริกแผ้ง,กะปิ,กระเทียม,หอมแดง,น้ำตาลปี๊บ,ซอสปรุงรส,,,,,,,,,,,,,,
35,ทอด,เมี่ยงทอดปลากราย,ใบเมี่ยง,เนื้อปลากราย,รากผักชี,เห็ดหูหนู,วุ้นเส้น,ซอสถั่วเหลืง,ผักสด,น้ำจิ้มปอเปี้ยะทอด,,,,,,,,,,,,,,,,,,
36,ทอด,ปลาสลิดกรอบผัดพริกแกง,ปลาสลิด,พริกแกงเผ็ด,น้ำปลา,น้ำตาลปี๊บ,กะทิ,ถั่วฝักยาว,ใบมะกรูด,น้ำมัน,กระเทียม,,,,,,,,,,,,,,,,,
37,ทอด,ปลาจะละเม็ดปรุงรส,ปลาจะละเม็ด,หอมแดงเจียว ,น้ำเปล่า,พริกแห้งทอด,ซอสหอยนางรม,น้ำตาล,ซอสมะเขือเทศ,น้ำมันพืช,,,,,,,,,,,,,,,,,,
38,ทอด,ปลาอินทรีย์ทอดซีอิ้ว,ปลาอินทรีย์,แป้งข้าวโพด,เกลือ,พริกไทย,น้ำมันพืชสำหรับทอด,น้ำเปล่า,น้ำตาล,น้ำปลา,ซีอิ้วขาว,ผักสด,,,,,,,,,,,,,,,,
39,ทอด,ทอดมันห่อไข่,ไข่ไก่,ไข่ไก่,เนื้อปลากรายขูด,ถั่วฝักยาว,ใบมะกรูด,น้ำพริกแกงเผ็ด,น้ำปลา,น้ำตาล,น้ำมันพืช,น้ำจิ้มอาจาด,,,,,,,,,,,,,,,,
40,ทอด,ก๊าจ๋า,เนื้อปลากราย,รากผักชี,หอมแดง,ซอสปรุงรส,น้ำตาล,ไข่ไก่,เห็ดหูหนู,วุ้นเส้น,น้ำจิ้มปอเปี๊ยทอด,น้ำมัน,,,,,,,,,,,,,,,,
41,ทอด,Okonomiyaki,กะหล่ำปลี,ต้นหอม,ปลาแห้ง,แป้งเค้ก,ไข่ไก่,สาหร่ายทะเลอบแห้ง,เบคอน,น้ำมัน,ซอสโอโคโนมิยากิ,มายองเนส,,,,,,,,,,,,,,,,
42,ทอด,ปลาดุกหมกกะปิ,ปลาดุก,กะปิ,กระเทียม,พริกไทย,น้ำตาล,น้ำปลา,น้ำมัน,,,,,,,,,,,,,,,,,,,
43,ทอด,ปลาเนื้ออ่อนราดพริก,ปลาเนื้ออ่อน,พริกสด,กระเทียม,น้ำมะขามเปียก,น้ำตาล,น้ำปลา,ใบผักชี,น้ำมัน,,,,,,,,,,,,,,,,,,
44,ทอด,ทอดมันปลากราย,เนื้อปลา,ไข่ไก่,ถั่วฝักยาว,ใบมะกรูด,น้ำตาล,เกลือ,พริกแกงเผ็ด,น้ำมันสำหรับทอด,แตงกวา,ถั่วลิสง,น้ำตาล,น้ำส้มสายชู,,,,,,,,,,,,,,
45,ทอด,ผัดเปรี้ยวหวานปลา,ปลานิล,แป้งข้าวโพด,มะเขือเทศ,พริกหวาน,พริกหยวก,หอมหัวใหญ่,กระเทียม,ต้นหอม,แครอท,น้ำตาล,ซอสมะเขือเทศ,ซอสพริก,น้ำปลา,น้ำปล่า,น้ำมันพืช,,,,,,,,,,,
46,ทอด,ปลานิลลุยสวน,ปลานิล,พริกขี้หนู,มะนาว,น้ำตาลปัี๊บ,น้ำปลา,ผักชีฝรั่ง,ขิงอ่อน,ผักชี,ใบสะระแหน่,ตะไคร้,หอมแดง,มะนาว,ถั่วลิสง,น้ำมันพืช,น้ำพริกเผา,แป้งข้าวโพด,พริกแห้งทอด,ผักสด,,,,,,,,
47,ทอด,ปีกไก่ทอดน้ำแดง,ปีกไก่,แป้งข้าวโพด,รากผักชี,น้ำปลา,ซอสถั่วเหลือง,น้ำตาล,งาขาว,ผักชี,ซอสมะเขือเทศ,เหล้าจีน,น้ำซุปกระดูก,น้ำมันพืช,,,,,,,,,,,,,,
48,ทอด,ปีกไก่ทอดตะไคร้,ปีกไก่,แป้งข้าวโพด,ตะไคร้,ตะไคร้,ใบมะกรูด,รากผักชี,ซอสน้ำมันหอย,ซอสปรุงรส,น้ำตาล,น้ำมันพืช,น้ำจิ้มสำหรับทานกับไก่ทอด,,,,,,,,,,,,,,,
49,ทอด,ปีกไก่ยัดไส้,ปีกไก่,หมู,มันหมู,ไข่ไก่,รากผักชี,ซอสปรุงรส,น้ำตาล,แป้งข้าวโพด,น้ำมันพืชสำหรับทอด,,,,,,,,,,,,,,,,,
50,ทอด,ไก่ทอดกระเทียมพริกไทย,ไก่,กระเทียม,รากผักชี,พริกไทย,น้ำตาล,ซอสหอยนางรม,ซอสถั่วเหลือง,แป้งข้าวโพด,น้ำมันพืช,ผักสด,,,,,,,,,,,,,,,,
51,ทอด,ไก่ทอดหาดใหญ่,ไก่,พริกไทย,รากผักชี,ซอสถั่วเหลือง,น้ำปลา,เกลือ,กระเทียม,ซอสน้ำมันหอย,น้ำตาล,ผงขมิ้น,แป้งสาลี,น้ำมันพืช,หอมแดง,น้ำจิ้มไก่,,,,,,,,,,,,
52,ทอด,ไก่ทอด บอนชอน,ปีกไก่,แป้ง,เกลือ,พริกไทย,หอมหัวใหญ่,กระเทียม,ขิง,ซีอิ้วชาว,มิริน,น้ำตาล,งาคั่ว,,,,,,,,,,,,,,,
53,ทอด,Tebasaki Chicken Wings,ปีกไก่,เกลือ,น้ำขิง,แป้งมัน,ซอสถั่วเหลือง,เหล้าสาเก,ซอสมิริน,น้ำตาล,กระเทียม,ขิง,งาขาว,พริกไทย,พริกป่น,น้ำมันพืช,,,,,,,,,,,,
54,ทอด,ผัดเปรี้ยวหวานไก่ทอด,ไก่,เกลือ,พริกหยวก,หอมหัวใหญ่,สับปะรด,ซอสมะเขือเทศ,น้ำเปล่า,เหล้าจีน,น้ำตาล,ซอสถั่วเหลือง,แป้งข้าวโพด,แป้ง,น้ำมัน,,,,,,,,,,,,,
55,ทอด,ไก่ม้วน,ไก่,แฮม,ซีส,ไข่ไก่,แป้งสาลี,เกลือ,พริกไทย,ซอสโชยุ,เกล็ดขนมปัง,น้ำมันพืช,,,,,,,,,,,,,,,,
56,ทอด,ไก่ห่อใบเตย,ไก่,รากผักชี,กระเทียม,พริกไทย,ซอสปรุงรส,ซอสน้ำมันหอย,น้ำตาล,น้ำมันงา,ใบเตย,ไม้จิ้มฟัน,น้ำมันพืช,น้ำตาล,น้ำเปล่า,ซอสถั่วเหลือง,ซีอิ๊วดำ,เกลือ,งาขาวคั่ว,,,,,,,,,
57,ทอด,ปีกไก่คั่วพริกเกลือ,ปีกไก่,ซอสปรุงรส,น้ำตาล,แป้งทอดกรอบ,พริกไทยป่น,กระเทียม,พริกขี้หนู,รากผักชี,เกลือ,ต้นหอม,น้ำมันพืช,,,,,,,,,,,,,,,
58,ทอด,ไก่ทอดคาราเกะ,ปีกไก่,สาเก,ไข่ไก่,ซอสโชยุ,น้ำขิง,น้ำมันงา,แป้งสาลี,น้ำมันพืช,,,,,,,,,,,,,,,,,,
59,ทอด,ไก่ทอดขิง,ไก่,ขิง,ซอสน้ำมันหอย,รากผักชี,กระเทียม,พริกไทย,ซอสถั่วเหลือง,น้ำเย็น,แป้งทอดกรอบ,ขิงอ่อนละเอียด,ผักชี,น้ำมันพืช,,,,,,,,,,,,,,
60,ทอด,ปีกไก่ทอดตะไคร้,ปีกไก่,แป้งทอดกรอบ,ตะไคร้,ใบมะกรูด,ซอสน้ำมันหอย,ซอสถั่วเหลือง,พริกไทย,น้ำตาล,น้ำมันพืช,น้ำจิ้มไก่,น้ำจิ้มบ๋วย,,,,,,,,,,,,,,,
61,ทอด,ปีกไก่ทอดน้ำแดง,ปีกไก่,พริกไทย,รากผักชี,น้ำปลา,ตะไคร้,กระเทียม,ซอสถั่วเหลือง,น้ำตาล,ซ๊อสมะเขือเทศ,เหล้าจีน,น้ำมันพืช,,,,,,,,,,,,,,,
62,ทอด,ไก่ทอดหาดใหญ่,ปีกไก่,พริกไทย,ซีอิ้วขาว,น้ำปลา,เกลือ,กระเทียม,น้ำมันหอย,น้ำตาล,ผงขมิ้น,แป้งสาลี,ผงรสดี,น้ำมันพืช,หอมแดง,น้ำจิ้มไก่แม่ประนอม,,,,,,,,,,,,
63,ทอด,ไก่ทอดกระเทียมพริกไทย,ไก่,กระเทียม,พริกไทย,ผงปรุงรส,น้ำตาล,ซอสน้ำมันหอย,ซอสปรุงรส,น้ำมันพืช,,,,,,,,,,,,,,,,,,
64,ทอด,กุ้งพันอ้อย,กุ้ง,มันหมู,พริกไทย,น้ำตาล,รากผักชี,กระเทียม,แป้งมัน,ไข่ไก่,เกลือ,อ้อย,น้ำมันพืช,ผักสด,น้ำจิ้มปอเปี๊ยะญวน,,,,,,,,,,,,,
65,ทอด,กุ้งกระเบื้อง,แผ่นปอเปี๊ยะ,กุ้ง,มันหมู,รากผักชี,ต้นหอม,ไข่ไก่,แป้งมัน,ซอสปรุงรส,น้ำมันพืชสำหรับทอด,น้ำจิ้มโดยประกอ้วย,,,,,,,,,,,,,,,,
66,ทอด,กุ้งพันตะไคร้,กุ้ง,มันหมู,ไข่ไก่,พริกไทย,แป้งมัน,ซอสปรุงรส,กระเทียม,รากผักชี,น้ำตาล,เกลือ,ตะไคร้,น้ำมันพืช,,,,,,,,,,,,,,
67,ทอด,กุ้งอบซอสส้ม,กุ้ง,เกลือ,กระเทียม,น้ำตาล,น้ำส้มสายชู,น้ำส้มคั้น,ผักชี,,,,,,,,,,,,,,,,,,,
68,ทอด,ทอดมันกุ้ง,กุ้ง,มันหมู,เกลือ,น้ำตาล,ซอสปรุงรส,แป้งมัน,ไข่ไก่,แป้งอเนกประสงค์,เกล็ดขนมปัง,น้ำมันพืช,,,,,,,,,,,,,,,,
69,ทอด,กุ้งทอดราดพริก,กุ้ง,พริกขี้หนู,กระเทียม,น้ำมะขามเปียก,น้ำตาลปี๊บ,น้ำปลา,ใบกะเพรา,พริกแห้งทอด,น้ำมันพืชสำหรับทอด,,,,,,,,,,,,,,,,,
70,ทอด,กุ้งชุปแป้งทอดทรงเครื่อง,กุ้ง,มันหมู,กระเทียม,รากผักชี,พริกไทยป่น,มันกุ้ง,ไข่ไก่,แป้งทอดกรอบ,เกล็ดขนมปัง,น้ำมันพืช,ซอสน้ำมันหอย,ซอสปรุงรส,น้ำจิ้มบ๋วย,,,,,,,,,,,,,
71,ทอด,เทมปุระ,กุ้ง,แป้งสาลี,ไข่ไก่,เกลือ,น้ำเย็น,,,,,,,,,,,,,,,,,,,,,
72,ทอด,โดนัทกุ้ง,กุ้ง,น้ำมันพืช,รากผักชี,พริกไทย,กระเทียม,มันหมู,เกลือ,น้ำตาล,ไข่ไก่,,,,,,,,,,,,,,,,,
73,ทอด,กุ้งราดกระเทียมพริกไทย,กุ้ง,กระเทียม,รากผักชี,ซอสน้ำมันหอย,น้ำตาลปี๊บ,น้ำปลา,พริกไทย,แป้งอเนกประสงค์,,,,,,,,,,,,,,,,,,
74,ทอด,เต้าหู้ไข่ทอดราดซอส,ไข่ไก่,เต้าหู้ไข่,แป้งสาลี,รากผักชี,กระเทียม,พริกไทย,เกลือ,น้ำตาลปี๊บ,น้ำปลา,ซอสมะขามเปียก,น้ำมันพืช,,,,,,,,,,,,,,,
75,ทอด,ไข่ดาวลูกเขย,ไข่ไก่,พริกแห้ง,หอมแดงเจียว ,ผักชี,น้ำตาลปี๊บ,น้ำมะขามเปียก,น้ำปลา,หอมแดง,รากผักชี,น้ำมัน,,,,,,,,,,,,,,,,
76,ทอด,ไข่ลูกเขย,ไข่เป็ด,หอมแดงเจียว  ,ผักชี,น้ำตาลปี๊บ,เกลือ,น้ำมะขามเปี๊ยก,น้ำปลา,พริกไทย,น้ำซุปกระดูกหมู,น้ำมันพืช,พริกแห้งทอด,,,,,,,,,,,,,,,
77,ทอด,ไข่เจียวใส่ไข่มดแดง,ไข่ไก่,ไข่มดแดง,ต้นหอม,มะเขือเทศ,น้ำปลา,พริกไทย,กระเทียม,ซอสมันหอย,น้ำมันหมู,ซอสพริกสำหรับทานกับไข่เจียว,,,,,,,,,,,,,,,,
78,ทอด,ไข่เจียวลูกท้อ,ไข่ไก่,กุนเชียง,เนื้อลูกท้อ,มะเขือ,ต้นหอม,น้ำปลา,ซอสหอยนางรม,พริกไทย,,,,,,,,,,,,,,,,,,
79,ทอด,ไข่เจียวดอกโสน,ไข่ไก่,ดอกโสน,ซอสถั่วเหลือง,ซอสน้ำมันหอย,พริกไทย,น้ำมันสำหรับทอด,,,,,,,,,,,,,,,,,,,,
80,ทอด,ไข่ทอด 2 สหาย,ไข่ไก่,ต้นหอม,หอมหัวใหญ่,มะเขือเทศ,ซอสน้ำมันหอย,ซอสถั่วเหลือง,พริกไทย,น้ำมัน,,,,,,,,,,,,,,,,,,
81,ทอด,ไข่เจียวต้นอ่อนทานตะวัน,ไข่ไก่,ต้นอ่อนทานตะวัน,มะเขือเทศ,น้ำปลา,น้ำมันหอย,น้ำมัน,,,,,,,,,,,,,,,,,,,,
82,ทอด,ไข่ทอดสามรส,ไข่ไก่,น้ำตาล,กระเทียม,น้ำปลา,พริกทอด,น้ำส้มสายชู,เม็ดมะม่วงหิมพานต์,ผักชี,น้ำมันพืช,,,,,,,,,,,,,,,,,
83,ทอด,ไข่กระทะ,ไข่ไก่,หมูสับ,ต้นหอม,กระเทียม,น้ำมันพืช,ซอสถั่วเหลือง,หมูยอ,กุนเชียง,ขนมปังฝรั่งเศสเล็ก,เนย,,,,,,,,,,,,,,,,
84,ทอด,ไข่เจียวทูน่า,ไข่ไก่,เนื้อปลาทูน่ากระป๋อง,มันฝรั่ง,แครอท,หอมหัวใหญ่,เกลือ,พริกไทย,น้ำมันพืช,,,,,,,,,,,,,,,,,,
85,ทอด,ไข่หุ้มหมู,ไข่แดงเค็มดิบ,ไข่ไก่,หมูสับ,รากผักชี,กระเทียม,ซีอิ๊วขาว,พริกไทย,น้ำมันพืช,,,,,,,,,,,,,,,,,,
86,ทอด,ไข่เจียวสเปน,ไข่ไก่,แฮม,หอมหัวใหญ่,พริกหวาน,นมสด,เกลือ,พริกไทย,เนย,น้ำมันพืช,พริกไทย,,,,,,,,,,,,,,,,
87,ทอด,ไข่เจียวมันฝรั่ง,ไข่ไก่,แซลมอน,มันฝรั่ง,กระเทียม,เนย,เกลือ,พริกไทย,น้ำมันพืช,น้ำมันพืช,ซาวร์ครีม,พริกไทยดำ,,,,,,,,,,,,,,,
88,ทอด,ไข่เจียวหมูสับหน่อไม้,ไข่ไก่,กระเทียม,หมูสับ,หอยนางรม,ซอสปรุงรส,หน่อไม้,เห็ดหูหนูแห้ง,ต้นหอม,ซอสพริก,น้ำมันหมู,,,,,,,,,,,,,,,,
89,ทอด,มันฝรั่งทอดหน้าไข่ดาว,ไข่ไก่,ไข่ไก่,มันฝรั่ง,แป้งสาลี,เกลือ,พริกไทย,เนย,หอมหัวใหญ่,พริกไทยดำ,,,,,,,,,,,,,,,,,
90,ทอด,ไข่เจียวกระเทียมดอง,ไข่ไก่,หมูสับ,กระเทียมดอง,ซีอิ๊วขาว,น้ำมันหอย,พริกไทย,พริกชี้ฟ้า,กระเทียม,ผักชี,น้ำมันพืช,,,,,,,,,,,,,,,,
91,ทอด,ไข่เจียวใบโหระพา,ไข่ไก่,ซอสถั่วเหลือง,ซอสหอยนางรม,ใบโพระพา,น้ำมันพืช,,,,,,,,,,,,,,,,,,,,,
92,ทอด,ยำไข่เจียวน้ำพริกเผา,ไข่ไก่,หมูสับ,ซอสถั่วเหลือง,น้ำปลา,กระเทียมดอง,กุ้งแห้ง,น้ำพริกเผา,มะนาว,น้ำตาลปี๊บ,น้ำปลาสำหรับปรุงน้ำยำ,มะนาว,พริกขี้หนู,ผักชี,ถั่วลิสง,แป้งข้าวโพด,น้ำมันพืช,,,,,,,,,,
93,ทอด,ไข่เจียวปูม้า,ผักชี,พริกไทย,ไข่ไก่,เนื้อปูม้า,น้ำมันหอย,น้ำปลา,น้ำมันพืช,ต้นหอม,น้ำพริกน้ำปลา,,,,,,,,,,,,,,,,,
94,ทอด,ไข่เจียวญี่ปุ่น,ไข่ไก่,ซีอิ๊วขาว,น้ำตาล,น้ำซุป,น้ำมันพืช,สาหร่าย,,,,,,,,,,,,,,,,,,,,
95,ทอด,เต้าหูคลุกไข่ทอด,ไข่ไก่,เต้าหู้,กุ้ง,แป้งสาลี,รากผักชี,กระเทียม,พริกไทย,เกลือ,แป้งทอดกรอบ,น้ำจิ้มไก่,น้ำมันพืช,,,,,,,,,,,,,,,
96,ทอด,ไข่เจียวโหระพากรอบ,ไข่ไก่,ซอสปรุงรส,ซอสหอยนางรม,พริกขี้หนู,ต้นหอม,ใบโพระพา,น้ำมันพืช,,,,,,,,,,,,,,,,,,,
97,ทอด,ปลาหมึกทอดราดพริก,ปลาหมึก,ซอสปรุงรส,แป้งข้าวโพด,น้ำมันพืช,น้ำตาลปี๊บ,เกลือ,น้ำส้มสายชู,กระเทียม,กระเทียมดอง,พริกชี้ฟ้า,ถั่วลิสง,ผักชี,,,,,,,,,,,,,,
98,ทอด,หอมหัวใหญ่ชุบแป้งทอด,หอมหัวใหญ่,แป้งทอดกรอบ,เกลือ,น้ำเย็น,น้ำมันสำหรับทอด,,,,,,,,,,,,,,,,,,,,,
99,ทอด,ปลาหมึกผัดกระเทียมพริกไทย,ปลาหมึก,รากผักชี,กระเทียม,พริกไทย,น้ำมันหอย,ซีอิ้วขาว,น้ำตาล,น้ำมัน,ผักชี,,,,,,,,,,,,,,,,,
100,ทอด,ปลาหมึกชุบแป้งทอด,ปลาหมึก,แป้งทอดกรอบ,น้ำเปล่า,ไข่ไก่,กระเทียม,ซอสถั่วเหลือง,พริกไทย,น้ำมันพืช,,,,,,,,,,,,,,,,,,
101,ทอด,ปลาหมึกทอดขมิ้น,ปลาหมึก,ขมิ้น,กระเทียม,น้ำปลา,น้ำตาล,เกลือ,น้ำมันพืชสำหรับทอด,,,,,,,,,,,,,,,,,,,
102,ทอด,หอยทอด,แป้งเท้ายายม่อม,แป้งข้าวเจ้า,แป้งข้าวเหนียว,แป้งสาคู,น้ำปูนใส,หอยนางรม,พริกไทย,ต้นหอม,ถั่วงอก,พริกสด,กระเทียม,น้ำตาล,น้ำส้มสายชู,ไข่ไก่,,,,,,,,,,,,
103,ทอด,หอยนางรมชุบแป้งทอด,หอยนางรม,ไข่ไก่,breadcrumb,แป้งทอดกรอบ,มะนาว,มายองเนส,น้ำมันทอด,,,,,,,,,,,,,,,,,,,
104,ทอด,ออส่วน,ไข่ไก่,หอยนางรม,ถั่วงอก,กระเทียม,ต้นหอม,ซีอิ๊วขาว,น้ำตาล,พริกไทย,แป้งมัน,น้ำมันพืช,น้ำมันพืช,ใบผักชี,ซอสพริก,,,,,,,,,,,,,
105,ทอด,ลาบเนื้อทอด,เนื้อวัว,ผักชีฝรั่ง,ใบมะกรูด,หอมแดง,ข้าวคั่ว,พริกป่น,น้ำปลา,มะนาว,ไข่ไก่,แป้งอเนกประสงค์,น้ำมันพืช,,,,,,,,,,,,,,,
106,ทอด,เนื้อสวรรค์,เนื้อวัว,น้ำตาลปี๊บ,น้ำปลา,ลูกผักชี,ซอสน้ำมันหอย,ผงยี่หร่า,งาขาว,พริกไทย,,,,,,,,,,,,,,,,,,
107,ทอด,ปากเป็ดทอด,ปากเป็ด,ซอสหอยนางรม,ซอสปรุงรส,น้ำตาล,กระเทียม,พริกไทย,รากผักชี,น้ำมัน,น้ำจิ้มแจ่ว,,,,,,,,,,,,,,,,,
108,ทอด,ทอดมันข้าวโพด,เม็ดข้าวโพด,พริกแกงคั่วเจ,ซอสถั่วเหลือง,เกลือ,แป้งข้าวเจ้า,แป้งข้าวโพด,น้ำเปล่า,น้ำจิ้มเจ,น้ำมันพืช,,,,,,,,,,,,,,,,,
109,ทอด,หมูกรอบเจ,โปรตีนเกษตร,แป้งทอดกรอบ,เครื่องแกงเผ็ดเจ,ซอสถั่วเหลือง,น้ำตาลปี๊ป,น้ำมัน,,,,,,,,,,,,,,,,,,,,
110,ทอด,เต้าหู้ทอด,เต้าหู้,น้ำจิ้มปอเปี๊ยะทอด,น้ำมัน,,,,,,,,,,,,,,,,,,,,,,,
111,ทอด,ยำชะอมทอดกรอบ,ยอดชะอม,กุ้ง,หอมแดง,น้ำตาลปีบ,น้ำพริกเผา,มะนาว,พริกสด,ขิง,แป้งทอดกรอบ,น้ำมันพืช,,,,,,,,,,,,,,,,
112,ทอด,เต้าหู้ทอดทรงเครื่อง,เต้าหู้,หอมแดงเจียว ,ผักชี,น้ำตาลปี๊บ,น้ำมะขามเปี๊ยก,ซอสถั่วเหลือง,น้ำมัน,,,,,,,,,,,,,,,,,,,
113,ทอด,ยอดตำลึงชุปแป้งทอดทรงเครื่อง,ยอดตำลึง,กุ้ง,น้ำมันสำหรับทอด,กระเทียม,น้ำปลา,มะนาว,น้ำตาลปี๊บ,น้ำเปล่า,พริกขี้หนู,แป้งทอดกรอบ,แป้งข้าวเจ้า,น้ำเย็นจัด,น้ำมันพืช,,,,,,,,,,,,,
114,ทอด,กล้วยแขก,กล้วยไข่,แป้ง,ไข่ไก่,น้ำตาล,นมสด,น้ำมัน,,,,,,,,,,,,,,,,,,,,
115,ทอด,กล้วยฉาบ,กล้วยน้ำว้า,น้ำตาล,เกลือ,เนย,น้ำเปล่า,น้ำมันพืชสำหรับทอด,,,,,,,,,,,,,,,,,,,,
116,ทอด,กบทอดกระเทียมพริกไทย,ขากบ,กระเทียม,พริกไทย,ซอสปรุงรส,น้ำตาล,ซอสหอยนางรม,แป้งข้าวโพด,น้ำมันพืช,ผักชี,แตงกวา,ซอสพริก,,,,,,,,,,,,,,,
117,ทอด,เกี้ยวปูทอด,เนื้อปู,แผ่นเกี๊ยว,ชีส,ไข่ไก่,หอมแดง,กระเทียม,น้ำตาล,ซอสปรุงรส,พริกไทย,น้ำมัน,,,,,,,,,,,,,,,,
118,ทอด,ปูม้าทอดกระเทียมพริกไทย,ปูม้า,กระเทียม,ซอสน้ำมันหอย,น้ำตาล,พริกไทย,แป้งมัน,,,,,,,,,,,,,,,,,,,,
119,ทอด,ปูทอดกระเทียมพริกไทย,ปู,กระเทียม,ซอสน้ำมันหอย,น้ำตาล,พริกไทย,แป้งมัน,,,,,,,,,,,,,,,,,,,,
0,นึ่ง,นึ่งไก่อีสาน,ไก่,หอมแดง,กระเทียม,รากผักชี,ข่า  ,ตะไคร้,เกลือ,น้ำตาล,ใบมะกรูด,พริกขี้หนู,,,,,,,,,,,,,,,,
1,นึ่ง,โซยหว่อ,ข้าวเหนียว,ถั่วเขียว,ผงขมิ้นชันผสมอาหาร,น้ำตาลปิ๊บ,เกลือ,พริกไทย,หอมแดง,มันหมู,,,,,,,,,,,,,,,,,,
2,นึ่ง,ก๋วยเตี๋ยวหลอดกุ้ง,น้ำเปล่า,แป้งข้าวเจ้า,แป้งข้าวเหนียว,แป้งมัน,แป้งคัสตราด,น้ำมันพืช,น้ำตาล,เกลือ,พริกไทยป่น,กระวาน,กานพลู,โป๊ยกั๊ก,เห็ดหอม,พริกไทย,ต้นผักชี,ต้นหอม,ต้นคื่นฉ่าย,หอมแดงเจียว ,น้ำตาลอ้อย,ซีอิ้วขาว,ซอสปรุงรส,กุยช่ายขาว,,,,
3,นึ่ง,ขนมหัวมันหน้ากะทิ,หัวมันสัมปะหลัง,เกลือ,แป้งมัน,น้ำตาล,น้ำเปล่า,หัวกะทิ,เกลือ,แป้งข้าวจ้าว,,,,,,,,,,,,,,,,,,
4,นึ่ง,ข้าวเหนียวปิ้งไส้กุ้ง,ข้าวเหนียว,หัวกะทิ,เกลือ,กุ้งแห้ง,รากผักชี,พริกไทย,กระเทียม,น้ำตาลปี๊บ,เกลือ,เนื้อมะพร้าวขูด,หัวกะทิ,สีผสมอาหาร,พริกไทยป่น,ใบตองและไม้กลัดสำหรับห่อข้าวเหนียว,,,,,,,,,,,,
5,นึ่ง,ปากหม้อญวน,แป้งข้าวจ้าว,แป้งมัน,แป้งเท้ายายม่อม,น้ำเปล่า,เกลือ,กะทิ,น้ำตาล,,,,,,,,,,,,,,,,,,,
6,นึ่ง,ขนมข้าวเกรียบอ่อน,ถั่วเขียวผ่าสีซีก,เนื้อมะพร้าวขูด,น้ำตาล,แป้งข้าวเจ้า,แป้งเท้ายายม่อม,แป้งมัน,หัวกะทิ,งาดำคั่ว,น้ำใบเตยคั้นสด,มะพร้าวขูดผอย,,,,,,,,,,,,,,,,
7,นึ่ง,บ๊ะจ่าง,เผือก,น้ำตาลปี๊บ,เกลือ,ใบไผ่,ข้าวเหนียวเคี้ยวงู,เห็ดหูหนู,พุตทราจีน,แป๊ะก๋วย,ไข่ไก่,เก๊าลัดคั่ว,หมู,ไชโป้ว,กระเทียม,พริกไทย,ถั่วลิสง,เม็ดบัว,น้ำมันพืชสำหรับผัด,กุ้งแห้ง,ซอสน้ำมันหอย,ซีอิ้วขาว,น้ำตาล,เกลือ,,,,
8,นึ่ง,หมูยอ,หมู,มันหมู,น้ำแข็งป่น,เกลือ,พริกไทย,ฟอสเฟต,น้ำเปล่า,ซอสปรุงรส,แป้งมัน,,,,,,,,,,,,,,,,,
9,นึ่ง,หูหมูแก้ว,หูหมู,ใบกระวาน,อบเชย,พริกไทย,ลูกกระวาน,โป๊ยกั๊ก,กระเทียม,รากผักชี,เกลือ,น้ำตาล,ซอสปรุงรส,ซีอิ่วขาว,ซีอิ้วดำ,น้ำจิ้มแจ่ว,ใบตอง,,,,,,,,,,,
11,นึ่ง,ปากหม้อญวน,แป้งข้าวจ้าว,แป้งมัน,แป้งเท้ายายม่อม,น้ำเปล่า,เกลือ,กะทิ,น้ำตาล,น้ำเชื่อม,น้ำปลา,เกลือ,พริกสด,มะนาว,หอมแดงเจียว ,หมูยอ,หมูสับ,ต้นหอม,รากผักชี,ซอสหอยนางรม,ซอสปรุงรส,หม้อต้มสำหรับนึ่ง,,,,,,
12,นึ่ง,ปลาดอลลี่นึ่งมะนาว,เนื้อปลาดอรี่,น้ำปลา,ซอสถั่วเหลือง,มะนาว,น้ำตาล,น้ำซุป,กระเทียม,พริกสด,มะนาว,ผักชี,,,,,,,,,,,,,,,,
13,นึ่ง,ไก่นึ่งซีอิ้ว,ไก่,ซีอิ้วขาว,ซอสหอยนางรม,น้ำตาล,ซอสปรุงรส,พริกไทย,ขิง,เห็ดหอม,คื่นฉ่าย,,,,,,,,,,,,,,,,,
14,นึ่ง,ขนมเรไรหน้าปู,แป้งข้าวเจ้า,แป้งเท้ายายม่อม,น้ำเปล่า,กะทิ,เนื้อปู,กุ้ง,ถั่วเขียว,หอมแดงเจียว ,กระเทียมเจียว,ถั่วเขียว,พริกป่น,น้ำตาลปี๊บ,น้ำปลา,น้ำมะขามเปี๊ยก,มะนาว,น้ำมะกรูด,,,,,,,,,,
15,นึ่ง,มะระอบไอน้ำ,มะระสด,หมู,มันหมู,ซอสน้ำมันหอย,ซอสปรุงรส,ซีอิ้วขาว,พริกไทย,รากผักชี,เห็ดหอม,วุ้นเส้น,เกลือ,,,,,,,,,,,,,,,
16,นึ่ง,บั๋นไตแม่ว,แป้งสาคู,น้ำร้อน,หมูสับ,เห็ดหูหนูแห้ง,หน่อไม้ดอง,เกลือ,น้ำตาล,ซอสหอยนางรม,พริกไทย,ซอสถั่วเหลือง,หอมแดง,กระเทียม,น้ำมัน,,,,,,,,,,,,,
17,นึ่ง,ข้าวเหนียวนึ่งถั่วเขียว,ข้าวเหนียว,ถั่วเขียว,,,,,,,,,,,,,,,,,,,,,,,,
18,นึ่ง,ข้าวเหนียวนึ่ง กับงาคั่ว,ข้าวเหนียว,งา,น้ำตาล,เกลือ,,,,,,,,,,,,,,,,,,,,,,
19,นึ่ง,ปลากะพงนึ่งมะนาว,ปลากะพง,น้ำปลา,ซอสถั่วเหลือง,มะนาว,น้ำตาล,น้ำซุป,กระเทียม,พริกสด,มะนาว,ผักชี,,,,,,,,,,,,,,,,
20,นึ่ง,ข้าวเหนียวดอกโสน,ข้าวเหนียว,หัวกะทิ,เกลือ,ดอกโสน,เนื้อมะพร้าวขูด,น้ำตาล,,,,,,,,,,,,,,,,,,,,
21,นึ่ง,ห่อหมกปลาหมึก,ปลาหมึก,เนื้อปลากราย,พริกแกงเผ็ด,น้ำปลา,หัวกะทิ,หางกะทิ,ใบมะกรูด,ใบโพระพา,พริกสด,ใบยอ,,,,,,,,,,,,,,,,
22,นึ่ง,กะหล่ำปลีม้วน,กะหล่ำปลี,หมูสับ,เห็ดหูหนู,หอมหัวใหญ่,ซอสถั่วเหลือง,พริกไทย,ซอสมะเขือเทศ,เกลือ,น้ำตาล,,,,,,,,,,,,,,,,,
23,นึ่ง,บั๋นจึง,ข้าวเหนียว,ถั่วเขียว,หมูสามชั้น,ซอสหอยนางรม,ซอสถั่วเหลือง,พริกไทย,เกลือ,น้ำตาล,ใบตอง,,,,,,,,,,,,,,,,,
24,นึ่ง,ห่อหมกมะพร้าวอ่อน,เนื้อปลาช่อน,เนื้อปลากราย,มะพร้าวอ่อน,พริกแกงเผ็ด,น้ำปลา,หัวกะทิ,หางกะทิ,ใบมะกรูด,ใบโพระพา,พริกสด,ใบยอ,,,,,,,,,,,,,,,
25,นึ่ง,ปลาเก๋าลวกจิ้ม,เนื้อปลาเก๋า,ใบมะกรูด,เกลือ,ตะไคร้,คื่นฉ่าย,หอมแดงเจียว ,น้ำจิ้มลวกจิ้ม,,,,,,,,,,,,,,,,,,,
26,นึ่ง,ไข่ตุ๋นนมสด,ไข่ไก่,นมสด,พริกไทย,น้ำปลา,แครอท,เม็ดข้าวโพด,บอคโคลี่,กุ้ง,,,,,,,,,,,,,,,,,,
27,นึ่ง,กุ้งนึ่งนมสด,กุ้ง,ไข่ไก่,นมสด,ซีอิ้วขาว,ซอสน้ำมันหอย,พริกไทย,ต้นหอม,น้ำเปล่า,,,,,,,,,,,,,,,,,,
28,นึ่ง,ปลานิลนึ่งเต้าซี่,ปลานิล,เต้าซี่,เห็ดหอม,ขิง,ซอสน้ำมันหอย,กระเทียม,ซอสถั่วเหลือง,น้ำตาล,ต้นหอม,พริกสด,,,,,,,,,,,,,,,,
29,นึ่ง,หมกปลาซิว,ปลาซิว,ผักชี,ต้นหอม,พริกสด,น้ำปลา,ตะไคร้,ใบแมงลัก,เกลือ,ข้าวเบือ,,,,,,,,,,,,,,,,,
30,นึ่ง,ไก่นึ่งอีสาน,ไก่,หอมแดง,กระเทียม,รากผักชี,ข่า  ,ตะไคร้,เกลือ,น้ำตาล,ใบมะกรูด,,,,,,,,,,,,,,,,,
31,นึ่ง,ขนมกล้วย,กล้วยน้ำว้า,แป้งข้าวจ้าว,น้ำตาล,แป้งเท้ายายม่อม,แป้งมัน,เนื้อมะพร้าวทึนทึกขูด,หัวกะทิ,เกลือ,,,,,,,,,,,,,,,,,,
32,นึ่ง,ขนมกล้วย,กล้วยน้ำว้า,แป้งข้าวจ้าว,น้ำตาล,แป้งเท้ายายม่อม,แป้งมัน,เนื้อมะพร้าวทึนทึกขูด,หัวกะทิ,เกลือ,,,,,,,,,,,,,,,,,,
33,นึ่ง,กุ้งนึ่งกระเทียมโทน,กุ้ง,กระเทียม,รากผักชี,กระเทียมดอง,คื่นฉ่าย,น้ำซุปกระดูกหมู,น้ำตาล,ซีอิ๊วขาว,ซอสปรุงรส,เหล้าจีน,,,,,,,,,,,,,,,,
34,นึ่ง,ปลากะพงนึ่งมะนาว,ปลากะพง,น้ำปลา,ซอสถั่วเหลือง,มะนาว,น้ำตาลปี๊บ,น้ำซุปกระดูก,กระเทียม,พริกขี้หนู,มะนาว,ผักชี,,,,,,,,,,,,,,,,
35,นึ่ง,ข้าวมันไก่สิงคโปร์,ไก่,ข้าวมัน,แตงกวา,หอมแดงเจียว,น้ำซุปไก่,น้ำจิ้มข้าวมันไก่,,,,,,,,,,,,,,,,,,,,
36,นึ่ง,ห่อหมกทะเล,กุ้ง,ปลาหมึก,หอยนางรม,เนื้อปู,เนื้อปลากราย,มะพร้าวอ่อน,น้ำตาลปี๊บ,พริกแกงเผ็ด,น้ำปลา,หัวกะทิคั้นสด,หางกะทิ,ใบมะกรูด,ใบโพระพา,พริกชี้ฟ้า,ใบยอ,,,,,,,,,,,
37,นึ่ง,ซาลาเปา หมูสับ,หมู,มันหมู,หอมแดง,กระเทียม,พริกไทย,ซอสถั่วเหลือง,ซอสเห็ดหอม,ไข่ไก่,แป้งหมี่,ยีส,น้ำตาล,น้ำมันพืช,เกลือ,น้ำเปล่า,,,,,,,,,,,,
38,นึ่ง,หมูสับนึ่งไข่เค็ม,หมู,ไข่เค็ม,กระเทียม,รากผักชี,พริกไทย,ซอสถั่วเหลือง,ซอสหอยนางรม,,,,,,,,,,,,,,,,,,,
0,ปิ้งย่าง,ข้าวเหนียวปิ้งไส้กุ้ง,ข้าวเหนียว,หัวกะทิ,เกลือ,กุ้งแห้ง,รากผักชี,พริกไทย,กระเทียม,น้ำตาลปี๊บ,เกลือ,เนื้อมะพร้าวขูด,หัวกะทิ,สีผสมอาหาร,พริกไทยป่น,ใบตองและไม้กลัดสำหรับห่อข้าวเหนียว,,,,,,,,,,,,
1,ปิ้งย่าง,หมูย่างหมักตะไคร้,หมู,กระเทียม,พริกไทย,รากผักชี,ซอสน้ำมันหอย,ตะไคร้,น้ำตาล,ซอสปรุงรส,ซีอิ้วขาว,,,,,,,,,,,,,,,,,
2,ปิ้งย่าง,ไก่ย่างวิเชียรบุรี,ไก่,ตะไคร้,กระเทียม,ขิง,รากผัก,พริกไทย,ใบเตย,ซอสน้ำมันหอย,ซอสปรุงรส,ซีอิ้วขาว,นมสด,เกลือ,,,,,,,,,,,,,,
3,ปิ้งย่าง,มะเขือม่วงหมูสับ,มะเขือม่วง,หมูสับ,มันหมู,แป้งมัน,พริกไทยป่น,รากผักชี,เห็ดหูหนู,ถั่วลิสง,น้ำตาล,น้ำปลา,เกลือ,พริกขี้หนู,มะนาว,,,,,,,,,,,,,
4,ปิ้งย่าง,สลัดผักหมูย่าง,หมู,พริกไทย,ซอสปรุงรส,ซอสน้้ำมันหอย,น้ำตาล,ตะไคร้,กระเทียม,ผักกาดหอม,ต้นหอม,ผักชี,พริกชี้ฟ้า,น้ำจิ้มปอเปี๊ยะ,,,,,,,,,,,,,,
5,ปิ้งย่าง,ไส้อั่ว,ไส้ดิบ,หมู,มันหมู,ตะไคร้,พริกแห้งเม็ดใหญ่,เกลือ,ขมิ้น,กระเทียม,หอมแดง,น้ำปลา,เกลือ,ใบมะกรูด,,,,,,,,,,,,,,
6,ปิ้งย่าง,พวงนมหมูย่าง,พวงนมหมู,นมสด,ซอสปรุงรส,ซอสถั่วเหลือง,น้ำตาล,กระเทียม,พริกไทย,รากผักชี,,,,,,,,,,,,,,,,,,
7,ปิ้งย่าง,ไก่ย่างเขาสวนกวาง,ไก่,ขิง,กระเทียม,น้ำตาลปี๊บ,ซอสปรุงรส,ซอสดำ,พริกไทย,เกลือ,น้ำตาลปี๊บสำหรับน้ำจิ้ม,น้ำมะนามเปียก,พริกป่น,ซีอิ้วขาว,,,,,,,,,,,,,,
8,ปิ้งย่าง,หมูย่างตะไคร้,หมู,กระเทียม,พริกไทย,ซอสน้ำมันหอย,ตะไคร้,น้ำตาล,ซอสปรุงรส,,,,,,,,,,,,,,,,,,,
9,ปิ้งย่าง,หมูย่างมันฝรั่งบด,หมู,มันฝรั่ง,มายองเนส,นมสด,ซอส,เนย,ซอสหอยนางรม,เกลือ,พริกไทย,,,,,,,,,,,,,,,,,
10,ปิ้งย่าง,กุ้งมังกรราดซอสข่า,กุ้ง,หัวกะทิ,ข่า ,ตะไคร้,ใบมะกรูด,พริกสด,น้ำปลา,เกลือ,น้ำตาล,มะนาว,น้ำพริกเผา,,,,,,,,,,,,,,,
11,ปิ้งย่าง,หมูย่างดอกดาหลา,น้ำปลา,มะนาว,นมข้นจืด,พริกไทย,ซอสปรุงรส,ซอสน้ำมันหอย,หมู,รากผักชี,กระเทียม,ดอกดาหลา,ตะลิงปลิง,น้ำตาลปี๊บ,น้ำพริกเผา,พริกสด,หอมแดงเจียว,ไข่ไก่,,,,,,,,,,
12,ปิ้งย่าง,ข้าวหน้าหมูเกาหลี,หมู,งาขาวคั่ว,ต้นหอม,กระเทียม,น้ำปลา,ซีอิ้วขาว,ซอสปรุงรส,น้ำมันงา,พริกไทยป่น,น้ำตาล,เหล้าจีน,ข้าวสวย,กิมจิ,,,,,,,,,,,,,
13,ปิ้งย่าง,คอหมูย่าง สูตรน้ำผึ้ง,คอหมู,น้ำผึ้ง,ซอสปรุงรส,ซอสน้ำมันหอย,พริกไทยป่น,น้ำเปล่า,น้ำจิ้มแจ่ว,,,,,,,,,,,,,,,,,,,
14,ปิ้งย่าง,ข้าวหน้าไก่เทอริยากิ,ไก่,แป้งข้าวโพด,ซอสโชยุ,มิริน,นํ้าเปล่า,นํ้าตาล,งาคั่ว,ต้นหอมญี่ปุ่น,ข้าวสวยญี่ปุ่น,นํ้ามันพืช,,,,,,,,,,,,,,,,
15,ปิ้งย่าง,Yakitori,ไก่,เนย,กระเทียม,เกลือ,พริกไทยดำ,น้ำเปล่า,ใบมิ้น,โรสแมรี่,ใบกะเพรา,,,,,,,,,,,,,,,,,
16,ปิ้งย่าง,อกไก่ย่างตะไคร้,ไก่,ตะไคร้,เกลือ,น้ำตาล,ซอสน้ำมันหอย,ซอสปรุงรส,,,,,,,,,,,,,,,,,,,,
17,ปิ้งย่าง,คอหมูย่าง สูตรนมสด,คอหมู,นมข้นจืด,ซอสปรุงรส,ซอสน้ำมันหอย,พริกไทยป่น,น้ำตาลปี๊บ,น้ำเปล่า,เกลือ,รากผักชี,น้ำจิ้มแจ่ว,,,,,,,,,,,,,,,,
18,ปิ้งย่าง,ไส้กรอกอีสาน,ไส้หมู,หมูสับ,มันหมู,ตะไคร้,เกลือ,น้ำตาล,พริกไทย,พริกไทย,ข้าวสวย,,,,,,,,,,,,,,,,,
19,ปิ้งย่าง,หมูปิ้ง สูตรกะทิ,หมู,มันหมู,รากผักชี,กระเทียม,น้ำเปล่า,น้ำมันพืช,น้ำมันหอย,ซอสถั่วเหลือง,น้ำมันงา,หัวกะทิ,เกลือ,น้ำตาลปี๊บ,แป้งข้าวโพด,ไม้จิ้มลูกชิ้น,,,,,,,,,,,,
20,ปิ้งย่าง,พุลโกกิ,เนื้อวัว,หอมหัวใหญ่,ต้นหอม,ขิง,กระเทียม,น้ำตาลแดง,ซอสถั่วเหลือง,พริกไทย,แครอท,,,,,,,,,,,,,,,,,
21,ปิ้งย่าง,ข้าวหน้าไก่,ไก่,น้ำตาล,สาเก,ซอสถั่วเหลือง,มิริน,หอมหัวใหญ่,ไข่ไก่,ต้นหอม,ข้าวญี่ปุ่นหุงสุก,,,,,,,,,,,,,,,,,
22,ปิ้งย่าง,หมูปิ้ง,หมู,ซอสหอยนางรม,ซอสถั่วเหลือง,น้ำปลา,น้ำตาล,แป้งมัน,น้ำมันพืช,กระเทียม,,,,,,,,,,,,,,,,,,
23,ปิ้งย่าง,ปลาซาบะย่างซีอิ๋ว,เนื้อปลาซาบะ,มะนาว,วาซาบิ,น้ำจิ้มทาริยากิ,ขิงดอง,น้ำตาล,สาเก,ซีอิ๊วญี่ปุ่น,,,,,,,,,,,,,,,,,,
24,ปิ้งย่าง,หอยเชลล์ย่างซอสมิโซะยำ,หอยเชลล์,ต้นหอม,มะนาว,สาเก,,,,,,,,,,,,,,,,,,,,,,
25,ปิ้งย่าง,แหนมเนือง,หมู,มันหมู,แป้งมัน,ซอสปรุงรส,พริกไทย,กระเทียม,,,,,,,,,,,,,,,,,,,,
26,ปิ้งย่าง,เสือร้องไห้,เนื้อวัว,ซอสปรุงรส,พริกไทย,ซอสน้ำมันหอย,น้ำตาล,น้ำปลา,มะนาว,หอมแดง,ผักชีฝรั่ง,ข้าวคั่ว,พริกป่น,น้ำตาลปี๊บ,,,,,,,,,,,,,,
27,ปิ้งย่าง,ไก่ย่างมะนาวทาริยากิ,ไก่,ซอสทาริยากิ,ผิวมะนาว,มะนาว,กระเทียม,พริกไทย,,,,,,,,,,,,,,,,,,,,
28,ปิ้งย่าง,ไก่ย่าง,ไก่,เกลือ,น้ำตาล,กระเทียม,ขิง,ตะไคร้,รากผักชี,พริกไทย,ซอสปรุงรส,นมสด,หัวกะทิ,น้ำมันพืช,,,,,,,,,,,,,,
29,ปิ้งย่าง,ไก่ย่าง สูตรญี่ปุ่น,ไก่,กระเทียม,ขิง,ซอสถั่วเหลือง,สาเก,น้ำซุปไก่,,,,,,,,,,,,,,,,,,,,
30,ปิ้งย่าง,สเต็กฮัมบรูก,ซอส,ซอสมะเขือเทศ,ซอสหอยนางรม,นมสด,เกลือ,ลูกจันทน์เทศ,แป้ง,หมู,แครอท,หอมหัวใหญ่,เนย,กระเทียม,,,,,,,,,,,,,,
31,ปิ้งย่าง,ปลาซาบะย่างมิโซะ,ปลาซาบะ,หอม,ขิง,ซอสมิโซะ,ซอสถั่วเหลือง,มิริน,สาเก,น้ำตาล,,,,,,,,,,,,,,,,,,
32,ปิ้งย่าง,ไก่ย่างคาราเกะ,ไก่,หอมแดง,กระเทียม,ขิง,ซอสถั่วเหลือง,สาเก,ผงรสดี,ซอสkatakuriko,น้ำมันพืช,,,,,,,,,,,,,,,,,
33,ปิ้งย่าง,ไก่ย่าง Gingered Chicken,ไก่,เกลือ,น้ำตาล,กระเทียม,หอมแดง,ขิง,ตะไคร้,,,,,,,,,,,,,,,,,,,
34,ปิ้งย่าง,หมูย่างใบชะพลู,หมู,มันหมู,หมูเด้ง,รากผักชี,ตะไคร้,น้ำตาล,ซอสน้ำมันหอย,ซอสปรุงรส,ใบชะพลู    ,เส้นหมี่,ผักสด,น้ำจิ้มปอเปี๊ยะ,,,,,,,,,,,,,,
35,ปิ้งย่าง,หมูย่างตะไคร้,หมูสามชั้น,ตะไคร้,หอมแดง,พริกไทย,ซอสหอยนางรม,น้ำตาล,ซอสถั่วเหลือง,รากผักชี,หมีลวก,ผักสด,,,,,,,,,,,,,,,,
36,ปิ้งย่าง,ข้าวผัดหมูแดง,ข้าวสวย,หมู,ไข่ไก่,ซีอิ้วขาว,ซอสหอยนางรม,ต้นหอม,หอมหัวใหญ่,แครอท,น้ำมันพืช,แตงกวา,,,,,,,,,,,,,,,,
37,ปิ้งย่าง,ข้าวหมูแดง,ข้าวสวย,หมู,กุนเชียง,ไข่ไก่,น้ำซุป,ซีอิ้วขาว,น้ำตาล,งาขาวคั่ว,แป้งมัน,เกลือ,น้ำแดง,แตงกวา,,,,,,,,,,,,,,
38,ปิ้งย่าง,หมูแดง,หมู,สีผสมอาหาร,ซีอิ้วขาว,ซอสหอยนางรม,รากผักชี,กระเทียม,พริกไทย,,,,,,,,,,,,,,,,,,,
39,ปิ้งย่าง,หมูม้วนอบซอส,หมูสามชั้นแผ่นใหญ่,ซอสหอยนางรม,ซอสถั่วเหลือง,น้ำตาล,รากผักชี,,,,,,,,,,,,,,,,,,,,,
40,ปิ้งย่าง,ปลาทับทิมย่างจิ้มแจ่ว,ปลาทับทิม,ตะไคร้,หอมแดง,กระเทียม,เกลือ,น้ำจิ้มแจ่ว,ผักสด,,,,,,,,,,,,,,,,,,,
41,ปิ้งย่าง,หมูสะเต๊ะเจ,โปรตีนเกษตรแผ่น,ตะไคร้,น้ำตาล,เกลือ,ผงขมิ้น,ข่า ,ยี่หร่า,เปลือกลูกมะกรูดขูด,ซอสถั่วเหลือง,กะทิ,,,,,,,,,,,,,,,,
0,ผัด,โชกะยากิ,หมู,หอมหัวใหญ่,แป้งสาลี,มายองเนส,น้ำมันงา,ขิง,มิริน,โชยุ,สาเก,น้ำตาล,มิโสะ,ผักบ็อคโคลี่,ผักกะหล่ำปลี,,,,,,,,,,,,,
1,ผัด,แกงโฮะ,พริกแกงเผ็ด,พริกแกงฮังเล,แหนมหม้อ,หน่อไม้ดอง,แคบหมู,วุ้นเส้น,ใบมะกรูด,ผักตำลึง,ตะไคร้,น้ำปลา,มะนาว,พริกสด,กระเทียม,น้ำมันพืช,,,,,,,,,,,,
2,ผัด,หมูกรอบผัดกุยช่าย,ใบกุยช่ายขาว,หมูกรอบ,พริกขี้หนู,กระเทียม,ซอสหอยนางรม,เต้าเจี้ยว,ซอสถั่วเหลือง,น้ำตาล,น้ำซุปกระดูก,น้ำมันพืช,,,,,,,,,,,,,,,,
3,ผัด,ไข่ผัดเห็ดหอมเต้าหู้อ่อน,ไข่ไก่,หมูสับ,เต้าหู้,เห็ดหอม,กระเทียม,เหล้าจีน,ซอสน้ำมันหอย,น้ำตาล,เกลือ,พริกไทย,น้ำมันพืช,ต้นหอม,พริกชี้ฟ้า,,,,,,,,,,,,,
4,ผัด,หมูสามชั้นผัดกะปิ,หมู,พริกขี้หนู,กระเทียม,พริกเม็ดใหญ่,กะปิ,น้ำตาล,ซอสหอยนางรม,ซอสถั่วเหลือง,ซอสปรุงรส,เหล้าจีน,ต้นหอม,,,,,,,,,,,,,,,
5,ผัด,ผัดถั่วงอกเต้าหู้หมูสับ,ถั่วงอก,หมูสับ,เต้าหู้,พริกชี้ฟ้า,กระเทียม,ต้นหอม,เกลือ,พริกไทย,ซอสน้ำมันหอย,น้ำมันพืช,,,,,,,,,,,,,,,,
6,ผัด,หมูสับผัดต้นหอม,แป้งข้าวจ้าว,แป้งมัน,แป้งเท้ายายม่อม,น้ำเปล่า,เกลือ,กะทิ,น้ำตาล,,,,,,,,,,,,,,,,,,,
7,ผัด,ซี่โครงหมูสามรส,ซี่โครงหมู,เกลือ,พริกไทย,แป้งสาลี,ซอสปรุงรส,กระเทียม,น้ำสับปะรด,น้ำตาลปี๊บ,น้ำส้มสายชู,ซอสถั่วเหลือง,สับปะรด,พริกสด,ผักสด,น้ำมันพืช,,,,,,,,,,,,
8,ผัด,ผัดกระเพราหมูสับ,หมูสับ,กระเทียม,น้ำมันพืชสำหรับผัด,ซอสปรุงรส,น้ำปลา,น้ำตาล,ซอสน้ำมันหอย,ใบกะเพรา,พริกขี้หนู,น้ำซุปกระดูก,,,,,,,,,,,,,,,,
9,ผัด,ผัดซีอิ้ว,หมู,ซอสถั่วเหลือง,กระเทียม,เส้นใหญ่,ซอสซีอิ๊วดำ,ยอดผักคะน้า ,แครอท,ไข่ไก่,น้ำตาล,ซอสน้ำมันหอย,น้ำมันพืช,,,,,,,,,,,,,,,
10,ผัด,ผัดกระเพราวุ้นเส้นหมูสับ,หมูสับ,กระเทียม,พริกขี้หนู,น้ำมันพืช,ซอสปรุงรส,ซอสน้ำมันหอย,น้ำตาล,วุ้นเส้น,น้ำซุปกระดูกหมู,ใบกะเพรา ,,,,,,,,,,,,,,,,
11,ผัด,ตับผัดพริกไทยดำ,ตับหมู,พริกไทย,กระเทียม,ซอสถั่วเหลือง,น้ำตาล,ซอสน้ำมันหอย,พริกไทย,เหล้าจีน,น้ำเปล่า,น้ำมันพืช,หอมหัวใหญ่,พริกหวานสีเขียวสีแดงสีเหลือง,ต้นหอม,พริกชี้ฟ้า,,,,,,,,,,,,
12,ผัด,ซี่โครงหมูหวาน,ซี่โครงหมู,น้ำตาลปี๊บ,น้ำปลา,พริกไทย,กระเทียม,น้ำมันพืชสำหรับผัด,น้ำซุป,,,,,,,,,,,,,,,,,,,
13,ผัด,หมูผัดตะไคร้,ซี่โครงหมู,ตะไคร้,กระเทียม,ใบมะกรูด,พริกขี้หนู,น้ำตาล,ซอสเห็ดหอม,ซีอิ้วดำ,ซอสน้ำมันหอย,น้ำมันพืช,,,,,,,,,,,,,,,,
14,ผัด,ผัดผักแขนงหมูกรอบ,หมูกรอบ,ซอสปรุงรส,น้ำตาล,ซอสน้ำมันหอย,ผักแขนง,กระเทียม,พริกขี้หนู,พริกชี้ฟ้า,น้ำซุปกระดูกหมู,น้ำมันพืช,,,,,,,,,,,,,,,,
15,ผัด,ผัดเปรี้ยวหวานหมู,หมู,น้ำตาล,เกลือ,พริกไทย,ซอสพริก,ซอสมะเขือเทศ,พริกหยวก,ข้าวโพดอ่อน,หอมหัวใหญ่,กระเทียม,แครอท,แป้งมัน,น้ำมันพืชสำหรับผัด,,,,,,,,,,,,,
16,ผัด,หมูผัดแกงเขียวหวาน,หมู,แป้งข้าวโพด,ซอสปรุงรส,พริกไทย,น้ำตาล,มะเขือเปราะ,มะเขือพวง,ใบโพระพา,พริกชี้ฟ้า,พริกไทยอ่อน,ใบมะกรูด,น้ำตาลปี๊บ,น้ำปลา,หัวกะทิ,พริกแกงเขียวหวาน,น้ำมันพืช,,,,,,,,,,
17,ผัด,สันคอหมูผัดข่าพริกแห้ง,คอหมู,พริกแห้ง,กระเทียม,น้ำปลา,น้ำตาลปี๊บ,น้ำมันพืช,ต้นข่า อ่อนเป็นท่อน,พัวข่า อ่อน,ใบโพระพา,,,,,,,,,,,,,,,,,
18,ผัด,เส้นใหญ่ผัดขี้เมา,เส้นใหญ่,หมู,น้ำมันพืชสำหรับผัด,ซอนน้ำมันหอย,น้ำตาล,น้ำปลา,ซอสถั่วเหลือง,พริกขี้หนู,พริกชี้ฟ้า,พริกไทยสด,ใบกะเพรา,ใบโพระพา,กระเทียม,,,,,,,,,,,,,
19,ผัด,แกงไข่ไล่ทุ่ง,ไข่เป็ด,หมูสับ,กุ้ง,เนื้อมะเขีอเทศ,ขิง,ขมิ้นขาว,หอมแดง,ผงขมิ้น,ใบมะกรูด,น้ำตาลปี๊บ,น้ำปลา,พริกแกงเผ็ด,หัวกะทิ,พริกสด,น้ำมันพืช,,,,,,,,,,,
20,ผัด,ผัดกระเฉดหมูกรอบ,ผักกระเฉด,หมูกรอบ,พริกขี้หนู,พริกเม็ดใหญ่,เต้าเจี้ยว,กระเทียม,ซอสถั่วเหลือง,น้ำตาล,ซอสน้ำมันหอย,น้ำมันพืช,น้ำซุป,,,,,,,,,,,,,,,
21,ผัด,แกงคั่วพริกซี่โครงหมูอ่อน,ซี่โครงกระดูกอ่อน,น้ำซุปหมู,กะปิ,น้ำตาล,เกลือ,พริกกะเหรียง,ตะไคร้,กระเทียม,ข่า ,พริกไทย,พริกขี้หนู,ขมิ้น,,,,,,,,,,,,,,
22,ผัด,กระเพราหมูสับ,หมูสับ,กระเทียม,น้ำมันพืช,ซิอิ๊วขาว,น้ำปลา,น้ำตาล,ผงรสดี,ใบกะเพรา,พริก,,,,,,,,,,,,,,,,,
23,ผัด,ผัดเผ็ดหมูป่า,หมูป่า,พริกแกงเผ็ด,พริกขี้หนู,พริกเม็ดใหญ่,พริกหยวก,ใบโพระพา,ใบมะกรูด,พริกไทยอ่อน,กระชาย ,หางกะทิ,น้ำปลา,น้ำตาลปี๊บ,น้ำมันพืช,,,,,,,,,,,,,
24,ผัด,ผัดแขนงหมูสับ,หมูสับ,ซอสปรุงรส,น้ำตาล,ผักแขนง,กระเทียม,พริกสด,ซอสหอยนางรม,น้ำซุปหมู,น้ำมันพืช,,,,,,,,,,,,,,,,,
25,ผัด,ตับหมูผัดพริกหวาน,ตับหมู,พริกหวาน,หอมหัวใหญ่,กระเทียม,น้ำมันพืช,ซอสถั่วเหลือง,ซอสน้ำมันหอย,น้ำตาล,น้ำซุปหมู,,,,,,,,,,,,,,,,,
26,ผัด,สปาเก็ตตี้ผัดขี้เมา,น้ำมันงา,กระเทียม,โคชูจัง,ไก่,ก้านดอกกะหล่ำ,กิมจิ,พริกหวาน,พริกป่น,ผักสด,เส้นสปาเก็ตตี้,น้ำตาล,ซอสปรุงรส,,,,,,,,,,,,,,
27,ผัด,ตับผัดหน่อไม้ฝรั่ง,ตับหมู,หน่อไม้ฝรั่ง,น้ำตาล,ซอสถั่วเหลือง,ซอสน้ำมันหอย,น้ำมันพืช,น้ำซุป,,,,,,,,,,,,,,,,,,,
28,ผัด,ตับผัดต้นกระเทียม,ตับหมู,ต้นกระเทียม,ซอสน้ำมันหอย,น้ำตาล,ซอสถั่วเหลือง,น้ำมันพืช,น้ำซุป,,,,,,,,,,,,,,,,,,,
29,ผัด,ข้าวผัดหมูลิ้นจี่,ข้าวหุงสุก,ไข่ไก่,เนื้อลิ้นจี่สด,หมูสด,กระเทียม,ต้นหอม,ซอสปรุงรส,น้ำตาล,น้ำมันพืช,พริกน้ำปลา,แตงกวา,,,,,,,,,,,,,,,
30,ผัด,ผัดกระเพราหมูกรอบ,หมูกรอบ ,กระเทียม,น้ำมันพืช,ซอสถั่วเหลือง,น้ำปลา,น้ำตาล,น้ำซุปหมู,ใบกะเพรา,พริก,,,,,,,,,,,,,,,,,
31,ผัด,ผัดคะน้าหมูกรอบ,ยอดผักคะน้า      ,หมูกรอบ,พริกขี้หนู,กระเทียม,ซอสหอยนางรม,เต้าเจี้ยว,ซอสถั่วเหลือง,น้ำตาล,น้ำซุปกระดูก,น้ำมันพืช,,,,,,,,,,,,,,,,
32,ผัด,หมูผัดพริกไทยดำ,หมู,น้ำมันพืชสำหรับผัด,กระเทียม,ซอสน้ำมันหอย,ซอสถั่วเหลือง,น้ำปลา,น้ำตาล,หอมหัวใหญ่,พริกไทยดำ,พริกหยวก,ต้นหอม,,,,,,,,,,,,,,,
33,ผัด,บะหมี่กระเพราหมูสับ,บะหมี่,ใบกะเพรา,พริกสด,กระเทียม,หมูสับ,พริกสด,ซอสน้ำมันหอย,น้ำตาล,น้ำปลา,ซอสถั่วเหลือง,น้ำมันพืช,,,,,,,,,,,,,,,
34,ผัด,ผัดกระเพราไข่เยี่ยวม้า,ไข่เยี่ยวม้า,หมูสับ,พริกชี้ฟ้า,กระเทียม,ใบกะเพรา,ซอสน้ำมันหอย,น้ำปลา,น้ำตาล,น้ำมันพืช,,,,,,,,,,,,,,,,,
35,ผัด,แกงโฮะ,พริกแกงเผ็ด,พริกแกงฮังเล,แหนมหม้อ,หน่อไม้ดอง,แคบหมู,วุ้นเส้น,ใบมะกรูด,ผักตำลึง,ตะไคร้,น้ำปลา,มะนาว,พริกสด,กระเทียม,น้ำมันพืช,,,,,,,,,,,,
36,ผัด,ข้าวผัดกุนเชียง,กุนเชียง,ข้าวหุงสุก,กระเทียม,ถั่วลันเตา,ไข่ไก่,พริกไทยป่น,น้ำมันพืช,เห็ดหอม,น้ำมันหอย,ซอสปรุงรส,ต้นหอม,,,,,,,,,,,,,,,
37,ผัด,ผัดเต้าหู้หมูสับ,เต้าหู้,หมูสับ,กระเทียม,ซอสถั่วเหลือง,ซอสน้ำมันหอย,น้ำมันงา,เหล้าจีน,น้ำตาล,ต้นหอม,แครอท,คื่นฉ่ายเป็นท่อน,แป้งมัน,พริกไทยป่น,น้ำมันพืช,,,,,,,,,,,,
38,ผัด,ผัดเผ็ดหมู,หมู,พริกแกงเผ็ด,กระชาย ,ใบมะกรูด,ใบโพระพา,กะทิ,พริกสด,พริกไทยสด,น้ำปลา,เกลือ,น้ำตาล,น้ำมันพืช,,,,,,,,,,,,,,
39,ผัด,ข้าวผัดหมูแดง,ข้าวสวย,หมู,ไข่ไก่,ซีอิ้วขาว,ซอสหอยนางรม,ต้นหอม,หอมหัวใหญ่,แครอท,น้ำมันพืช,แตงกวา,,,,,,,,,,,,,,,,
40,ผัด,หมูผัดพริกไทยดำ,หมู,น้ำมัน,กระเทียม,น้ำมันหอย,ซอสถั่วเหลือง,น้ำปลา,น้ำตาล,หอมหัวใหญ่,พริกไทยดำ,,,,,,,,,,,,,,,,,
41,ผัด,น้ำพริกปลาร้าทรงเครื่อง,ปลาร้า,พริกป่น,ข้าวคั่ว,น้ำมะขามเปียก,น้ำตาลปี๊บ,ซอสน้ำมันหอย,หอมแดง,ตะไคร้,ใบมะกรูด,กระเทียม,น้ำมันพืช,,,,,,,,,,,,,,,
42,ผัด,ผัดหมี่โคราช,เส้นจันทร์,ไข่ไก่,กระเทียม,หอมแดง,ไชโป้ว,เต้าหู้,หมูสับ,เต้าเจี้ยว,น้ำปลา,น้ำตาลปี๊บ,น้ำมะขามเปียก,ซอสซีอิ้วดำ,พริกไทยป่น,น้ำเปล่า,น้ำมันพืช,ถั่วงอก,ต้นหอม,,,,,,,,,
43,ผัด,ไส้อ่อนผัดพริกเกลือ,ไส้อ่อน,ซอสปรุงรส,พริกไทย,เกลือ,เกลือ,พริกไทย,กระเทียม,พริกขี้หนู,พริกชี้ฟ้า,รากผักชี,ผงปรุงรส,น้ำตาล,ต้นหอม,แป้งข้าวโพด,น้ำมันพืช,,,,,,,,,,,
44,ผัด,ผัดสะตอปลา,เนื้อปลาช่อน,สะตอ,หอมแดง ,กระเทียม,พริกขี้หนู,กะปิ,น้ำปลา,น้ำตาลปี๊บ,ใบมะกรูด,น้ำเปล่า,น้ำมันพืช,,,,,,,,,,,,,,,
45,ผัด,ปลากะพงผัดสะตอ,ปลากะพง,เกลือ,แป้งข้าวโพด,สะตอ,หอมแดง,กระเทียม,พริกขี้หนู,กะปิ,น้ำปลา,น้ำตาลปี๊บ,ใบมะกรูด,น้ำเปล่า,นำมันพืชสำหรับทอดปลา,น้ำมันพืช,,,,,,,,,,,,
46,ผัด,น้ำพริกผัดทูน่า,เนื้อปลาทูน่ากระป๋อง,พริกแห้งเม็ดใหญ่,กระเทียม,หอมแดง,ถั่วลิสง,น้ำมะขามเปียก,น้ำตาลปี๊บ,เกลือ,ผักสด,,,,,,,,,,,,,,,,,
47,ผัด,ปลาบึกผัดฉ่า,เนื้อปลาบึก,น้ำตาล,น้ำปลา,ซอสน้ำมันหอย,ใบมะกรูด,กระชาย ,ใบโพระพา,กระเทียม,พริกหยวกเขียว,พริกชี้ฟ้า,พริกขี้หนู,พริกไทยอ่อน,น้ำมันพืชสำหรับผัด,,,,,,,,,,,,,
48,ผัด,ผัดเผ็ดปลาดุก,ปลาดุก,พริกแกงเผ็ด,กระเทียม,น้ำตาลปี๊บ,น้ำปลา,ซอสน้ำมันหอย,พริกขี้หนู,กระชาย ,ใบมะกรูด,ใบโพระพา,ใบกะเพรา,น้ำมันพืช,พริกไทยอ่อน,,,,,,,,,,,,,
49,ผัด,ปลาช่อนผัดคื่นฉ่าย,ปลาช่อน,เต้าเจี้ยว,น้ำปลา,ซอสน้ำมันหอย,ขิง,คื่นฉ่าย,ต้นหอม,น้ำตาล,น้ำซุปกระดูกหมู,กระเทียม,พริกขี้หนู,แป้งข้าวโพด,น้ำมันสำหรับทอดปลา,น้ำมันพืช,,,,,,,,,,,,
50,ผัด,ปลาทับทิมผัดขมิ้นขาว,เนื้อปลาทับทิม,น้ำมันพืช,เกลือ,ขมิ้น,กระเทียม,แป้งข้าวโพด,ซอสถั่วเหลือง,ซอสน้ำมันหอย,น้ำตาล,ขมิ้นขาว,ต้นหอม,พริกชี้ฟ้า,เห็ดหอม,,,,,,,,,,,,,
51,ผัด,ลูกชิ้นปลาผัดเผ็ด,ปลาอินทรีย์,เกลือ,พริกไทย,พริกเหลือง,พริกขี้หนู,กระเทียม,ข่า ,กระชาย ,พริกไทยสด,ใบกะเพรา,น้ำปลา,น้ำตาล,กะปิ,มะเขือ,น้ำมันพืช,,,,,,,,,,,
52,ผัด,ปลากะพงทอดคั่วพริกเกลือ,ปลากะพง,กระเทียม,พริกชี้ฟ้า,เกลือ,แป้งทอดกรอบ,น้ำมันปาล์ม,น้ำตาล,พริกไทย,กระเทียมเจียว,,,,,,,,,,,,,,,,,
53,ผัด,ผัดชะอมปลาชอนทอดกรอบ,ยอดผักชะอม,กระเทียม,พริกสด,เนื้อปลาช่อน,ซอสปรุงรส,น้ำตาล,เต้าเจี้ยว,แป้งข้าวโพด,น้ำมันสำหรับทอดและผัด,เกลือ,ซอสน้ำมันหอย,น้ำตาล,น้ำปลา,,,,,,,,,,,,,
54,ผัด,ผัดมะระปลาเค็ม,ปลาอินทรีย์,มะระจีน,ซอสน้ำมันหอย,กระเทียม,พริกสด,น้ำซุป,เกลือ,น้ำมันพืช,,,,,,,,,,,,,,,,,,
55,ผัด,แกงคั่วแห้งกุ้งมะพร้าวอ่อนใบชะพลู    ,พริกแห้ง,เกลือ,ข่า ,ตะไคร้,พริกสด,พริกไทย,กระเทียม,ขมิ้น,กะปิ,มะกรูด,หัวกะทิ,น้ำตาลปี๊บ,เกลือ,น้ำปลา,กุ้ง,เนื้อมะพร้าวอ่อน,ใบชะพลู    ,,,,,,,,,
56,ผัด,ปลาช่อนจู่ขิง,เนื้อปลาช่อน,น้ำมัน,น้ำซุป,ต้นหอม,ขิง,พริกไทย,กระเทียม,เต้าเจี้ยว,,,,,,,,,,,,,,,,,,
57,ผัด,พาสต้าโอโคโนมิยากิ,เส้นพาสต้า,หมูสับ,ไส้กรอก,หอมหัวใหญ่,ซอสมะเขือเทศ,โอโคโนมิยากิ,นมข้นจืด,น้ำตาล,เกลือ,พริกสด,ชีส,แครอท,,,,,,,,,,,,,,
58,ผัด,ผัดเปรี้ยวหวานปลา,ปลานิล,แป้งข้าวโพด,มะเขือเทศ,พริกหวาน,พริกหยวก,หอมหัวใหญ่,กระเทียม,ต้นหอม,แครอท,น้ำตาล,ซอสมะเขือเทศ,ซอสพริก,น้ำปลา,น้ำปล่า,น้ำมันพืช,,,,,,,,,,,
59,ผัด,ปลากะพงผัดพริกไทยดำ,ปลากะพง,พริกหยวกสด,หอมหัวใหญ่,ต้นหอม,กระเทียม,ซอสหอยนางรม,น้ำตาล,ซอสถั่วเหลือง,พริกไทยดำ,,,,,,,,,,,,,,,,,
60,ผัด,ปลาสลิดกรอบผัดพริกแกง,ปลาสลิด,พริกแกงเผ็ด,น้ำปลา,น้ำตาลปี๊บ,กะทิ,ถั่วฝักยาว,ใบมะกรูด,น้ำมัน,กระเทียม,,,,,,,,,,,,,,,,,
61,ผัด,ผัดเผ็ดปลาดุก,ปลาดุก,กระเทียม,น้ำตาล,น้ำมันหอย,พริกขี้หนู,กระชาย ,ใบมะกรูด,ใบโพระพา,น้ำปลา,น้ำมันพืช,พริกไทยอ่อน,,,,,,,,,,,,,,,
62,ผัด,ปลาช่อนผัดคื่นฉ่าย,ปลาช่อน,เต้าเจี้ยว,น้ำปลา,ซอสหอยนางรม,ขิง,คื่นฉ่าย,น้ำตาล,น้ำซุป,กระเทียม,พริกสด,น้ำมันพืช,,,,,,,,,,,,,,,
63,ผัด,ข้าวผัดปลาทูน้ำพริกกะปิ,ข้าวสวย,ไข่ไก่,เนื้อปลาทู,กระเทียม,ถั่วลันเตา,น้ำพริกกะปิ,ไข่เจียวชะอม,แตงกวา,มะนาว,ต้นหอม,น้ำมัน,,,,,,,,,,,,,,,
64,ผัด,ปลาดุกผัดพริกสด,ปลาดุก,พริกแกงเผ็ด,พริกหยวก,พริกขี้หนู,ใบมะกรูด,ใบกะเพรา,หัวกะทิ,น้ำเปล่า,กระชาย ,น้ำตาลปี๊บ,น้ำปลา,น้ำมันพืช,,,,,,,,,,,,,,
65,ผัด,น้ำพริกปลาร้าผัด,ปลาร้า,พริกแกงเผ็ด,ใบมะกรูด,ผักชีฝรั่ง,น้ำตาลปี๊บ,น้ำมันพืช,พริกขี้หนู,ผักสด,,,,,,,,,,,,,,,,,,
66,ผัด,ผัดพริกแกงไก่,ไก่,พริกแกงเผ็ด,พริกชี้หนู,พริกหยวก,ใบมะกรูด,กระเทียม,ซอสถั่วเหลือง,ถั่วฝักยาว,น้ำตาลปี๊บ,น้ำมันพืช,,,,,,,,,,,,,,,,
67,ผัด,ไก่ผัดขิง,ไก่,ขิง,เห็ดหูหนู,เต้าเจี้ยว,น้ำตาล,ซอสถั่วเปลือง,ซอสน้ำมันหอย,พริกชี้ฟ้า,หอมหัวใหญ่,กระเทียม,น้ำมันพืช,ต้นหอม,,,,,,,,,,,,,,
68,ผัด,ผัดกระเพราไก่,ไก่,กระเทียม,พริกขี้หนู,พริกหยวก,ถั่วฝักยาว,น้ำมันพืชสำหรับผัด,ซอสปรุงรส,ซอสน้ำมันหอย,ซอสถั่วเหลือง,น้ำตาล,ใบกะเพรา,แตงกวา,,,,,,,,,,,,,,
69,ผัด,ข้าวผัดแกงเขียวหวาน,ข้าวหุงสุก,ไก่,หางกะทิ,พริกแกงเขียวหวาน,น้ำตาลปี๊บ,น้ำปลา,พริกชี้ฟ้า,ใบโพระพา,มะเขือพวง,น้ำมันพืช,ผักสด,,,,,,,,,,,,,,,
70,ผัด,ผัดพริกแกงไก่มะละกอ,ไก่,พริกแกงเผ็ด,น้ำปลา,น้ำตาลปี๊บ,ใบโพระพา,พริกชี้ฟ้า,ใบมะกรูด,มะละกอ,น้ำมันพืช,,,,,,,,,,,,,,,,,
71,ผัด,ไก่ผัดเม็ดมะม่วงหิมพานต์,ไก่,ซอสปรุงรสสำหรับหมักไก่,พริกไทย,แป้งข้าวโพด,น้ำมันพืช,ซอสถั่วเหลือง,ซอสน้ำมันหอย,น้ำตาล,ไวน์แดง,น้ำมันพืช,พริกหยวกสีแดงกับสีเขียว,หอมหัวใหญ่,พริกชิ้ฟ้า,กะเทียมสด,เม็ดมะม่วงหิมพานต์,พริกแห้ง,ต้นหอม,,,,,,,,,
72,ผัด,ไก่ผัดเส้นบุกต้มยำแห้ง,ไก่,ข่า ,ตะไคร้,ใบมะกรูด,หอมแดง,พริกสด,เส้นบุก,มะเขือเทศ,น้ำปลา,น้ำตาล,มะนาว,,,,,,,,,,,,,,,
73,ผัด,ข้าวหน้าไก่,ไก่,น้ำมันงา,กระเทียม,ขิง,น้ำส้มสายชู,ซอสถั่วเหลือง,ซอสน้ำมันหอย,ซอสมะเขือเทศ,น้ำตาล,งาคั่ว,ต้นหอม,น้ำมันพืช,เครื่องเคียง,,,,,,,,,,,,,
74,ผัด,ข้าวเห็ดหอมผัดไก่,ข้าวสวย,เห็ดหอม,ไก่,ผงกาปิก้า,เกลือ,พริกไทย,หอมหัวใหญ่,ถัวลันเตา,ซอสถั่วเหลือง,น้ำตาล,น้ำมันพืช,,,,,,,,,,,,,,,
75,ผัด,ผัดไก่เสฉวน,น้ำมันรำข้าว,ไก่,ซอสถั่วเหลือง,น้ำส้มสายชู,ซอสพริก,แป้งข้าวโพด,เกลือ,พริกหยวก,ถั่วลันเตา,หอมหัวใหญ่,ขิง,กระเทียม,ต้นหอม,,,,,,,,,,,,,
76,ผัด,ไก่ผัดถั่วลิสง,ไก่,น้ำมันถั่วลิสง,พริกแห้ง,หอม,ขิง,กระเทียม,ถั่วลิสง,ซอสถั่วเหลือง,เหล้าจีน,แป้งข้าวโพด,ซอสจิ๊กโฉ่,ซอสถั่วเหลือง,ซอสฮอยซิน,น้ำมันงา,น้ำตาล,แป้งข้าวโพด,พริกเสฉวน,,,,,,,,,
77,ผัด,ข้าวผัดอเมริกัน,ข้าวหุงสุก,หอมหัวใหญ่,ไส้กรอก,ไข่ไก่,น่องไก่,ลูกเกต,ถั่วลันเตา,ซอสมะเขือเทศ,ซอสปรุงรส,น้ำตาล,น้ำมันพืช,,,,,,,,,,,,,,,
78,ผัด,ไก่กะปิ,ไก่,กะปิ,กระเทียม,พริกสด,ใบมะกรูด,ใบโพระพา,น้ำปลา,น้ำตาลปี๊บ,น้ำมันพืช,,,,,,,,,,,,,,,,,
79,ผัด,ปีกไก่คั่วพริกเกลือ,ปีกไก่,ซอสปรุงรส,น้ำตาล,แป้งทอดกรอบกรอบ,พริกไทยป่น,กระเทียม,พริกขี้หนู,รากผักชี,เกลือ,ต้นหอม,น้ำมันพืช,,,,,,,,,,,,,,,
80,ผัด,ไก่ผัดเปรี้ยวหวาน,ไก่,เกลือ,พริกหยวก,พริกหยวก,พริกหยวก,หอมหัวใหญ่,สับปะรด,ซอสมะเขือเทศ,น้ำเปล่า,เหล้าจีน,น้ำตาล,ซอสถั่วเหลือง,แป้งข้าวโพด,แป้งทอดกรอบ,น้ำมันพืช,,,,,,,,,,,
81,ผัด,ผัดกระเฉดไก่,ไก่,ผักกระเฉด,กระเทียม,พริกสด,เต้าเจี้ยว,น้ำตาล,ซอสถั่วเหลือง,ซอสหอยนางรม,น้ำมันพืช,,,,,,,,,,,,,,,,,
82,ผัด,ไก่ผัดพริกแกง,ไก่,พริกแกงเผ็ด,พริกสด,ใบมะกรูด,กระเทียม,ซีอิ๊วขาว,ถั่วฝักยาว,น้ำตาล,น้ำมันพืช,,,,,,,,,,,,,,,,,
83,ผัด,ไก่ผัดขิง,ไก่,ขิง,เห็ดหูหนู,เต้าเจี้ยว,น้ำตาล,ซีอิ๊วขาว,พริกชี้ฟ้า,หอมหัวใหญ่,กระเทียม,น้ำมันพืช,ผงรสดี,,,,,,,,,,,,,,,
84,ผัด,ไก่ผัดเต้าหู้อ่อน,ไก่,เต้าหู้ไข่,ซอสมะเขือเทศ,เห็ด,หอมหัวใหญ่,ไข่ไก่,เกลือ,น้ำตาล,กระเทียม,แป้งมัน,ซอสถ้่วเหลือง,มะเขือเทศ,ผงรสดี,น้ำเปล่า,,,,,,,,,,,,
85,ผัด,กุ้งราดกระเทียมพริกไทย,กุ้ง,กระเทียม,รากผักชี,ซอสน้ำมันหอย,น้ำตาลปี๊บ,น้ำปลา,พริกไทย,แป้งอเนกประสงค์,,,,,,,,,,,,,,,,,,
86,ผัด,กุ้งผัดไข่,ไข่ไก่,กุ้ง,ต้นหอม,กระเทียม,หอมหัวใหญ่,ซอสปรุงรส,น้ำปลา,น้ำมันพืช,,,,,,,,,,,,,,,,,,
87,ผัด,ไหลบัวผัดกุ้ง,กุ้ง,ไหลบัว,หอมแดง ,กะปิ,กระเทียม,น้ำตาลปี๊บ,น้ำปลา,ต้นหอม,พริกชี้ฟ้า,น้ำมันพืช,,,,,,,,,,,,,,,,
88,ผัด,กุ้งผัดเห็ดหอม,เห็ดหอม,แครอท,กุ้ง,น้ำซุปกระดูกหมู,น้ำปลา,ซอสน้ำมันหอย,ซอสถั่วเหลือง,น้ำตาล,แป้งสาลี,ต้นหอม,กระเทียม,น้ำมันพืช,,,,,,,,,,,,,,
89,ผัด,กุ้งผัดผงกะหรี่,กุ้ง,ต้นหอม,ผงแกงกะหรี่,หอมหัวใหญ่,ซีอิ้วขาว,ซอสน้ำมันหอย,น้ำตาลปี๊บ,เกลือ,นมข้นจืด,พริกชี้ฟ้า,ไข่ไก่,คึ่นช่าย,น้ำมันพืชสำหรับผัก,,,,,,,,,,,,,
90,ผัด,ข้าวผัดกุ้ง,ข้าวหุงสุก,กุ้ง,กระเทียม,น้ำปลา,น้ำตาล,ซอสปรุงรส,น้ำมันพืชสำหรับผัด,ไข่ไก่,หอมหัวใหญ่,แครอท,ผักชี,แตงกวา,มะเขือเทศ,มะนาว,ต้นหอม,,,,,,,,,,,
91,ผัด,ผัดไทยกุ้งสด,กุ้ง,เส้นกลาง,ถั่งงอก,หอมแดง,น้ำปลา,ซอสน้ำมันหอย,น้ำมะขามเปียก,น้ำตาลปี๊บ,ถั่วลิสง,พริกป่น,เต้าหู้,ไชโป้ว,ไข่ไก่,ใบกุยฉ่าย,ผักสด,,,,,,,,,,,
92,ผัด,กุ้งผัดพริกเผา,กุ้ง,ต้นหอม,หอมหัวใหญ่,พริกชี้ฟ้า,น้ำมันพืช,ใบโพระพา,พริกสด,กระเทียม,น้ำพริกเผา,น้ำตาลปี๊บ,น้ำปลา,,,,,,,,,,,,,,,
93,ผัด,ดอกขจรผัดไข่กุ้งสด,กุ้ง,ดอกขจร,วุ้นเส้น,ไข่ไก่,กุ้งแห้ง,เห็ดหูหนูแห้ง,ซอสถั่วเหลือง,ซอสน้ำมันหอย,น้ำตาล,น้ำมันพืช,,,,,,,,,,,,,,,,
94,ผัด,ผักบุ้งผัดกะปิกุ้งสด,กุ้ง,ผักบุ้ง,หอมแดง,กะปิ,กระเทียม,น้ำตาลปี๊บ,น้ำปลา,พริกชี้ฟ้า,น้ำมันพืชสำหรับผัด,,,,,,,,,,,,,,,,,
95,ผัด,ข้าวผัดน้ำพริกเผา,ข้าวหุงสุก,กระเทียม,กุ้ง,พริกขี้หนู,น้ำพริกเผา,น้ำตาล,ซอสปรุงรส,หอมแดง,ผักชี,แตงกวา,พริกน้ำปลา,น้ำมันพืช,,,,,,,,,,,,,,
96,ผัด,เมล่อนกุ้งผัดไข่,เมล่อน,กุ้ง,ไข่ไก่,ซอสหอยนางรม,น้ำปลา,น้ำตาล,กระเทียม,น้ำมันพืชสำหรับผัด,,,,,,,,,,,,,,,,,,
97,ผัด,ข้าวผัดมันกุ้ง,ข้าวสวย,มันกุ้ง,รากผักชี,กระเทียม,น้ำมันหมู,กุ้ง,น้ำตาล,ซอสปรุงรส,พริกไทยป่น,แตงกวา,ผักชี,พริกน้ำปลา,,,,,,,,,,,,,,
98,ผัด,ข้าวผัดต้มยำแห้งทะเล,ข้าวสวย,เกลือ,น้ำตาล,มะนาว,ตะไคร้,ใบมะกรูด,กระเทียม,รากผักชี,พริกไทย,น้ำมันพืช,ไข่ไก่,พริกสด,หอยแมลงภู่,กุ้ง,ปลาหมึก,,,,,,,,,,,
99,ผัด,กุ้งผัดสะตอพริกแกงใต้,สะตอ,กุ้ง,พริกแกงใต้,น้ำตาลปี๊บ,น้ำปลา,น้ำมันพืชสำหรับผัด,,,,,,,,,,,,,,,,,,,,
100,ผัด,ข้าวผัดผงกะหรี่ทะเล,ข้าวหุงสุก,กุ้ง,ปลากะพง,ปลาหมึก,มะเขือเทศ,หอมหัวใหญ่,เกลือ,ต้นหอม,น้ำตาล,ผงแกงกะหรี่,ไข่ไก่,นมสด,ซอสถั่วเหลือง,น้ำมันพืช,,,,,,,,,,,,
101,ผัด,ผัดกระเพรากุ้ง,กุ้ง,กระเทียม,น้ำมันพืช,ซอสถั่วเหลือง,ซอสน้ำมันหอย,น้ำปลา,น้ำตาล,น้ำซุปหมู,ใบกะเพรา,พริกสด,,,,,,,,,,,,,,,,
102,ผัด,ผัดกุ้งกับซอสหวาน,กุ้ง,น้ำตาล,น้ำส้มสายชู,ซอสถั่วเหลือง,ซอสมะเขือเทศ,เหล้าจีน,แป้งข้าวโพด,น้ำเปล่า,กระเทียม,ขิง,ต้นหอม,แครอท,พริกหยวก,,,,,,,,,,,,,
103,ผัด,กุ้งผัดซอสมะเขือเทศ,กุ้ง,เกลือ,ไข่ไก่,กระเทียม,หอมหัวใหญ่,น้ำตาล,ซอสถั่วเหลือง,เหล้าจีน,แป้งข้าวโพด,ต้นหอม,น้ำซุปไก่,,,,,,,,,,,,,,,
104,ผัด,ข้าวผัดต้มยำกุ้ง,ข้าวสวย,กุ้ง,น้ำพริกเผา,ตะไคร้,ใบมะกรูด,เห็ด,น้ำปลา,มะนาว,น้ำซุป,น้ำตาล,,,,,,,,,,,,,,,,
105,ผัด,ผัดหมี่โคราช,เส้นหมี่โคราช,กระเทียม,หอมแดง,หมูสับ,เต้าเจี้ยว,น้ำปลา,น้ำตาล,น้ำมะขามเปียก,ซีอิ้วดำ,พริกไทย,น้ำเปล่า,น้ำมันพืช,ถั่วงอก,ต้นหอม,,,,,,,,,,,,
106,ผัด,กุ้งมังกรราดซอสข่า,กุ้ง,หัวกะทิ,ข่า ,ตะไคร้,ใบมะกรูด,พริกสด,น้ำปลา,เกลือ,น้ำตาล,มะนาว,น้ำพริกเผา,,,,,,,,,,,,,,,
107,ผัด,กุ้งผัดพริกนมสด,พริกแกงเผ็ด,กุ้ง,นมข้นจืด,ซอสถั่วเหลือง,น้ำตาล,น้ำปลา,พริกสด,พริกไทย,ใบมะกรูด,ใบโพระพา,น้ำมันพืช,,,,,,,,,,,,,,,
108,ผัด,กุ้งผัดไข่เค็ม,กุ้ง,ไข่เค็ม,ไข่ไก่,ต้นหอม,หอมหัวใหญ่,พริกหยวก,ซอสน้ำมันหอย,น้ำตาล,เกลือ,พริกไทย,แป้งมัน,น้ำมันพืช,,,,,,,,,,,,,,
109,ผัด,ผัดไทยกุ้งสด,กุ้ง,เส้นผัดไทย,ถั่งงอก,หอมแดง,น้ำปลา,น้ำมันหอย,น้ำส้มสายชู,น้ำตาล,ถั่วลิสง,ไข่ไก่,มะนาว,,,,,,,,,,,,,,,
110,ผัด,เส้นหมี่ผัดกระเฉด,เส้นหมี่,กุ้ง,พริกสด,กระเทียม,ผัดกระเฉด,ซอสน้ำมันหอย,ซอสถั่วเหลือง,น้ำตาล,น้ำซุป,น้ำมัน,,,,,,,,,,,,,,,,
111,ผัด,พาสต้าผัดต้มยำ,เส้นพาสต้า,ไก่,ซอสถั่วเหลือง,ซอสน้ำมันหอย,น้ำตาล,มะนาว,พริกไทย,น้ำมันพืช,แห้ว,บ็อกโคลี่,ตะไคร้,พริกสด,กระเทียม,,,,,,,,,,,,,
112,ผัด,มะเขือม่วงผัดกะปิ,มะเขือม่วง,มะเขือยาว,พริกชี้หนู,กระเทียม,กุ้ง,กะปิ,น้ำตาล,ซอสหอยนางรม,ซอสถั่วเหลือง,ซอสปรุงรส,เหล้าจีน,ต้นหอม,,,,,,,,,,,,,,
113,ผัด,ผัดยอดฟักแม้ว,ยอดมะระอ่อน,กระเทียม,กระเทียม,พริกขี้หนู,เต้าเจี้ยว,น้ำปลา,น้ำตาล,ซอสน้ำมันหอย,น้ำซุปกระดูก,น้ำมันพืช,,,,,,,,,,,,,,,,
114,ผัด,ผัดผักบุ้งไฟแดง,ผักบุ้งไทย,น้ำมันพืชสำหรับผัด,กระเทียม,ซอสน้ำมันหอย,เต้าเจี้ยว,พริกสด,ซอสถั่วเหลือง,น้ำซุป,น้ำตาล,,,,,,,,,,,,,,,,,
115,ผัด,กระเจี๊ยบผัดเกลือ,กระเจี๊ยบเขียว,ข้าวสวย,เกลือ,พริกไทย,กระเทียม,น้ำมันสำหรับทอด,,,,,,,,,,,,,,,,,,,,
116,ผัด,มาม่าผัดขึ้เมาเจ,เส้นมาม่า,เต้าหู้,เห็นหอม,พริกชี้ฟ้า,กระชาย ,พริกไทยอ่อน,ใบโพระพา,ซอสถั่วเหลือง,น้ำตาล,น้ำมันพืช,,,,,,,,,,,,,,,,
117,ผัด,เส้นบุกผัดกิมจิ,กิมจิ,เส้นบุก,ไข่ไก่,ลูกชิ้นปลา,ซอสถั่วเหลือง,น้ำตาล,พริกไทย,น้ำมัน,,,,,,,,,,,,,,,,,,
118,ผัด,เห็ดกระเทียม,เห็ดเป๋าฮื้อ,น้ำมันพืช,เกลือ,พริกไทย,พริกแห้ง,ผักชีฝรั่ง,กระเทียม,ผักกาดหอม,,,,,,,,,,,,,,,,,,
119,ผัด,เต้าหู้ผัดชะอม,ยอดชะอม,เต้าหู้,เห็ดหอม,น้ำตาล,เต้าเจี้ยว,น้ำมัน,,,,,,,,,,,,,,,,,,,,
120,ผัด,ผัดหมี่ซั่ว,เส้นหมี่ซั่ว,ถั่วงอก,ต้นหอม,แครอท,ผักกาดขาว,เห็ดหอม,ซอสน้ำมันหอย,ซอสถั่วเหลือง,น้ำตาล,หมูสับ,กุ้ง,กระเทียม,น้ำมันพืช,,,,,,,,,,,,,
121,ผัด,ผัดวุ้นเส้นมะละกอ,วุ้นเส้น,เห็ดฟาง,มะละกอ,แครอท,ซีอิ้วดำ,ซีอิ้วขาว,ซอสเห็ดหอม,น้ำตาล,น้ำมันพืช,,,,,,,,,,,,,,,,,
122,ผัด,ผัดผักรวมมิตร,กุ้ง,เห็ดหูหนูแห้ง,แครอท,ถั่วลันเตา,คะน้า เป็นชิ้นขนาดพอดีคำ,กะหล่ำปลี,ดอกกะหล่ำ,เห็ดโคน,ข้าวโพดอ่อน,มะเขือเทศ,กระเทียม,น้ำมันพืช,น้ำตาล,น้ำปลา,ซีอิ๊วขาว,ซอสน้ำมันหอย,,,,,,,,,,
123,ผัด,ผัดต้นอ่อนทานตะวัน,ต้นอ่อนทานตะวัน,กระเทียม,ซอสน้ำมันหอย,ซีอิ้วขาว,น้ำตาล,พริกไทย,เหล้าจีน,น้ำมันพืช,,,,,,,,,,,,,,,,,,
124,ผัด,กะหล่ำปลีทอดน้ำปลา,กะหล่ำปลี,กระเทียม,น้ำตาล,น้ำปลา,เม็ดมะม่วงหิมพานต์,น้ำมันพืช,น้ำปล่า,,,,,,,,,,,,,,,,,,,
125,ผัด,ปลาหมึกผัดกระเทียมพริกไทย,ปลาหมึก,รากผักชี,กระเทียม,พริกไทย,ซอสน้ำมันหอย,ซอสถั่วเหลือง,น้ำตาล,น้ำมันพืชสำหรับผัด,ผักชี,,,,,,,,,,,,,,,,,
126,ผัด,ปลาหมึกผัดไข่เค็ม,ปลาหมึก,ไข่เค็ม,หอมหัวใหญ่,พริกสด,ต้นหอม,กระเทียม,พริกหยวก,น้ำมันพืชสำหรับผัด,น้ำตาลปี๊บ,น้ำปลา,ซอสน้ำมันหอย,ซอสถั่วเหลือง,,,,,,,,,,,,,,
127,ผัด,ผัดฉ่าทะเล,ปลาหมึก,กุ้ง,ปลากะพง,หอยนางรม,พริกไทยสด,ซอสน้ำมันหอย,รากผักชี,กระเทียม,น้ำมันพืชสำหรับผัด,น้ำปลา,น้ำตาล,คึ่นช่าย,พริกชี้ฟ้า,กระชาย  ,,,,,,,,,,,,
128,ผัด,ผัดกระเพราปลาหมึก,ปลาหมึก,กระเทียม,น้ำมันพืช,ซอสถั่วเหลือง,น้ำปลา,น้ำตาล,น้ำซุปหมู,ใบกะเพรา,พริกสด,,,,,,,,,,,,,,,,,
129,ผัด,ปลาหมึกผัดพริกสด,ปลาหมึก,พริกหยวกสด,หอมหัวใหญ่,ต้นหอม,กระเทียม,ซอสหอยนางรม,น้ำตาล,ซอสถั่วเหลือง,พริกไทยดำ,,,,,,,,,,,,,,,,,
130,ผัด,ผัดสุกี้ทะเลแห้ง,น้ำจิ้มสุกี้,ผักบุ้ง,ผักกาดขาว,วุ้นเส้น,ผักขึ้นฉ่าน,ต้นหอม,ไข่ไก่,ปลาหมึก,กุ้ง,เนื้อปลาลวก,น้ำมัน,,,,,,,,,,,,,,,
131,ผัด,ข้าวผัดปลากระป๋อง,ข้าวหุงสุก,ปลากระป๋อง,กระเทียม,หอมหัวใหญ่,ถั่วลันเตา,น้ำตาล,เกลือ,น้ำมันพืช,,,,,,,,,,,,,,,,,,
132,ผัด,ปลาแซลมอนผัดพะโล้,ผงพะโล้,แซลมอน,กระเทียม,รากผักชี,พริกไทย,น้ำเปล่า,ซอสน้ำมันหอย,เห็ดหอม,น้ำมันพืช,,,,,,,,,,,,,,,,,
133,ผัด,ปลาดุกผัดพริกหยวก,ปลาดุก,พริกแกงเผ็ด,พริกหยวก,ต้นหอม,หัวกะทิ,น้ำเปล่า,น้ำตาล,น้ำปลา,แป้งข้าวโพด,น้ำมันพืช,น้ำมันพืช,,,,,,,,,,,,,,,
134,ผัด,หอยลายผัดพริกเผา,หอยลาย,ใบโพระพา,น้ำพริกเผา,น้ำกะทิ,น้ำตาลปี๊บ,น้ำปลา,พริกชี้ฟ้า,กระเทียม,น้ำมันพืชสำหรับผัด,,,,,,,,,,,,,,,,,
135,ผัด,หอยขมผัดฉ่า,หอยขม,ตะไคร้,พริกไทยอ่อน,พริกชี้ฟ้า,ซอสน้ำมันหอย,รากผักชี,น้ำมันพืช,น้ำปลา,น้ำตาล,คื่นฉ่าย,ต้นหอม,ใบมะกรูด,กระชาย ,พริกสด,ใบโพระพา,,,,,,,,,,,
136,ผัด,หอยหวานผัดพริกแห้ง,พริกแห้ง,น้ำปลา,ซอสปรุงรส,หอยหวาน,น้ำพริกเผา,น้ำตาล,ซอสน้ำมันหอย,กระเทียม,หอมแดง,พริกไทย,กะทิ,ใบโพระพา,,,,,,,,,,,,,,
137,ผัด,หอยหลอดผัดโหระพา,หอยหลอด,ใบโพระพา,ซอสน้ำมันหอย,ซอสถั่วเหลือง,น้ำตาล,พริกไทย,กระเทียม,น้ำมัน,น้ำซุป,,,,,,,,,,,,,,,,,
138,ผัด,ผัดพริกแกงหอยแครงใบยี่หร่า,พริกแกงใต้,น้ำซุป,น้ำตาลปี๊บ,กะปิ,น้ำปลา,หอยแครง,ใบยี่หร่า,,,,,,,,,,,,,,,,,,,
139,ผัด,มาม่าหอยแมลงภู่ผัดฉ่า,มาม่า,หอยแมลงภู่,พริกไทยสด,น้ำมันหอย,รากผักชี,กระเทียม,น้ำมัน,น้ำปลา,น้ำตาล,คื่นฉ่าย,ต้นหอม,พริกสด,ใบโพระพา,,,,,,,,,,,,,
140,ผัด,ปูผัดพริก,เนื้อปู,พริกหยวกสด,หอมหัวใหญ่,ต้นหอม,กระเทียม,ซอสหอยนางรม,เหล้าจีน,พริกขี้หนู,น้ำตาล,ซอสถั่วเหลือง,พริกไทยดำ,,,,,,,,,,,,,,,
141,ผัด,ปูผัดพริกไทยดำ,ปู,พริกสดเฉียง,หอมหัวใหญ่,ต้นหอม,กระเทียม,ซอสหอยนางรม,น้ำตาล,ซอสถั่วเหลือง,พริกไทยดำ,ขิง,,,,,,,,,,,,,,,,
142,ผัด,ข้าวผัดปู,ข้าวหุงสุก,เนื้อปู,ข่า ,ต้นหอม,พริกไทยป่น,มะเขือเทศ,ไข่ไก่,น้ำตาล,ซอสน้ำมันหอย,ซอสปรุงรส,น้ำมันพืช,แตงกวา,พริกน้ำปลา,,,,,,,,,,,,,
143,ผัด,ผัดเผ็ดเนื้อใบยี่หร่า,เครื่องเทศ,พริกแกงเผ็ด,น้ำปลา,น้ำตาล,ใบยี่หร่า,เนื้อวัว,พริกสด,,,,,,,,,,,,,,,,,,,
144,ผัด,เนื้อผัดพริกหยวกหน่อไม้,เนื้อวัว,หน่อไม้,พริกหยวก,กระเทียม,ซอสถั่วเหลือง,ซอสน้ำมันหอย,สาเก,น้ำซุป,แป้งมัน,เกลือ,พริกไทย,น้ำมันพืช,,,,,,,,,,,,,,
145,ผัด,ผัดเนื้อวัว,เนื้อวัว,ซีอิ๊วขาวเกาหลี,น้ำมันงา,น้ำตาล,น้ำผึ้ง,กระเทียม,โคนต้นหอมญี่ปุ่น,พริกไทย,งา,น้ำมันพืช,,,,,,,,,,,,,,,,
146,ผัด,เนื้อวัวผัดกระเทียม,เนื้อวัว,ใบกระเทียม,ถั่วงอก,กระเทียม,ซอสถั่วเหลือง,สาเก,มิริน,ผงรสดี,เกลือ,,,,,,,,,,,,,,,,,
147,ผัด,เนื้อวัวผัดซอสส้ม,ส้ม,หอม,กระเทียม,น้ำเปล่า,น้ำมันพืช,เนื้อวัว,น้ำตาล,พริกไทย,ซอสถั่วเหลือง,น้ำส้มสายชู,ผักชี,,,,,,,,,,,,,,,
148,ผัด,เนื้อวัวผัดบวบขิง,เนื้อวัว,น้ำปลา,น้ำตาล,น้ำเปล่า,น้ำมัน,น้ำมันหอย,กระเทียม,ขิง,บวบ,พริกสด,ต้นหอม,ข้าวหอมมะลิ,,,,,,,,,,,,,,
149,ผัด,ไชโป้วผัดไข่,ไข่ไก่,ไชโป้ว,น้ำตาล,พริกไทย,ซีอิ้วขาว,ผัดชี,พริกชี้ฟ้า,กระเทียม,น้ำมันพืชสำหรับผัด,,,,,,,,,,,,,,,,,
150,ผัด,ไข่คั่วกุ้ง,ไข่ไก่,กุ้ง,ซอสน้ำมันหอย,ซอสปรุงรส,พริกไทยป่น,น้ำมันพืชสำหรับผัด,ต้นหอม,หอมหัวใหญ่,,,,,,,,,,,,,,,,,,
151,ผัด,ข้าวผัดไข่,ข้าวหุงสุก,น้ำมันพืชสำหรับผัด,ไข่ไก่,พริกไทย,น้ำปลา,ซอสปรุงรส,ต้นหอม,แครอท,หอมหัวใหญ่,มะเขือเทศ,น้ำตาล,,,,,,,,,,,,,,,
152,ผัด,หมูผัดไข่,หมู,ซอสถั่วเหลือง,ซอสหอยนางรม,น้ำตาล,พริกไทย,กระเทียม,ต้นหอม,ไข่ไก่,น้ำมัน,,,,,,,,,,,,,,,,,
153,ผัด,มะระผัดไข่เค็ม,ไข่เค็ม,ไข่ไก่,มะระสด,กระเทียม,ซอสถั่วเหลือง,ซอสน้ำมันหอย,น้ำตาล,เกลือ,น้ำมันพืช,,,,,,,,,,,,,,,,,
154,ผัด,ไข่ขมิ้น,ไข่ไก่,ไข่นกกระทา,น้ำตาลปี๊บ,เกลือ,ขมิ้น,รากผักชี,กระเทียม,น้ำซุปกระดูก,,,,,,,,,,,,,,,,,,
155,ผัด,ผัดกระเพราเป็ด,เนื้อเป็ด,กระเทียม,น้ำมันพืช,ซอสถั่วเหลือง,ซอสน้ำมันหอย,น้ำปลา,น้ำตาล,หอมหัวใหญ่,ใบกะเพรา,พริกสด,,,,,,,,,,,,,,,,
0,ยำ,ยำสตรอว์เบอรี่กุ้งสด,กุ้ง,หมูสับ,สตอเบอรี่,หอมหัวใหญ่,ต้นหอม,มะเขือเทศ,วุ้นเส้น,น้ำปลา,น้ำตาล,มะนาว,พริกสด,,,,,,,,,,,,,,,
1,ยำ,น้ำพริกหมูกรอบ,หมูสามชั้น,หอมแดง,กระเทียม,พริกแห้ง,น้ำตาลปี๊บ,ใบมะกรูด,น้ำปลา,น้ำมะขามเปียก,พริกแกงเผ็ด,กุ้งแห้ง,,,,,,,,,,,,,,,,
2,ยำ,ส้มตำถั่วฝักยาว,ถั่วฝักยาว,กระเทียม,พริกแห้ง,พริกขี้หนู,น้ำตาลปี๊บ,น้ำปลา,มะนาว,ปราร้า,มะเขือเทศ,,,,,,,,,,,,,,,,,
3,ยำ,ส้มตำกรอบ,กุ้ง,มะละกอ,แครอท,ถั่วฝักยาว,แป้งอเนกประสงค์,น้ำโซดาแช่เย็น,น้ำปลา,น้ำตาลปี๊บ,มะนาว,มะเขือเทศ,กุ้งแห้ง,ถั่วลิสง,พริกขี้หนู,กระเทียม,,,,,,,,,,,,
4,ยำ,น้ำพริกกบ,กบ,พริกขี้หนู,กระเทียม,หอมแดง,ข่า ,มะเขือยาว,เกลือ,น้ำตาลปี๊บ,,,,,,,,,,,,,,,,,,
5,ยำ,ก้อยไข่มดแดง,ไข่มดแดง,มะม่วงดิบ,ใบสะระแหน่,มะนาว,น้ำปลา,ข้าวคั่ว,พริกป่น,ผักชีฝรั่ง,หอมแดง,,,,,,,,,,,,,,,,,
6,ยำ,ส้มตำไหลบัว,ไหลบัว,แครอท,ถั่วฝักยาว,น้ำปลา,น้ำตาลปี๊บ,มะนาว,มะเขือเทศ,กุ้งแห้ง,ถั่วลิสง,พริกขี้หนู,กระเทียม,,,,,,,,,,,,,,,
7,ยำ,ยำดอกอัญชันหมูสับ,ดอกอัญชัน,หมูสับ,หอมแดง,พริกขี้หนู,กระเทียมเจียว,หอมแดงเจียว,ถั่วลิสง,น้ำพริกเผา,น้ำตาลปี๊บ,น้ำปลา,มะนาว,แป้งทอดกรอบ,,,,,,,,,,,,,,
8,ยำ,แสร้งว่ากุ้ง,กุ้ง,ตะไคร้,หอมแดง,พริกขี้หนู,ใบสะระแหน่,ขิง,น้ำพริกเผา,น้ำตาล,น้ำปลา,มะนาว,,,,,,,,,,,,,,,,
9,ยำ,ปลานิลลุยสวน,ปลานิล,พริกขี้หนู,มะนาว,น้ำตาลปัี๊บ,น้ำปลา,ผักชีฝรั่ง,ขิงอ่อน,ผักชี,ใบสะระแหน่,ตะไคร้,หอมแดง,มะนาว,ถั่วลิสง,น้ำมันพืช,น้ำพริกเผา,แป้งข้าวโพด,พริกแห้งทอด,ผักสด,,,,,,,,
10,ยำ,ยำผักกูด,ยอดผักกูด,กุ้ง,หมูสับ,พริกขี้หนู,ถั่วลิสง,น้ำพริกเผา,น้ำปลา,น้ำตาล,มะนาว,หอมแดง,,,,,,,,,,,,,,,,
11,ยำ,ลาบปลาบึก,เนื้อปลาบึก,ใบสะระแหน่,มะนาว,น้ำปลา,ข้าวคั่ว,พริกป่น,ผักชีฝรั่ง,หอมแดง,ใบมะกรูด,ตะไคร้,ข่า ,,,,,,,,,,,,,,,
12,ยำ,ยำไหลบัวกุ้งสด,ไหลบัว,กุ้ง,หอมแดง,กระเทียม,น้ำตาลปี๊บ,น้ำปลา,มะนาว,น้ำพริกเผา,พริกขี้หนู,คื่นฉ่าย,ถั่วลงสงคั่ว,ปลาเล็กกรอบ,,,,,,,,,,,,,,
13,ยำ,น้ำพริกหยำ,กุ้ง,กะปิ,พริกขี้หนู,ต้นหอม,มะนาว,น้ำตาลปี๊บ,เกลือ,ผักสด,,,,,,,,,,,,,,,,,,
14,ยำ,ข้าวยำ,ข้าวเหนียว,งาดำคั่ว,กุ้งแห้ง,พริกป่น,มะนาว,มะพร้าวขูดคั่ว,ตะไคร้,ถั่วงอก,ใบมะกรูด,ใบบัวบก,ใบชะพลู   ,เนื้อส้มโอ,มะม่วง,ถั่วฝัก,น้ำเปล่า,กะปิ,กระเทียม,หอมแดง,ตะไคร้,ข่า  ,มะกรูด,เนื้อปลาอินทรี,กะปิ,น้ำตาลปี๊บ,น้ำตาล,มะกรูด
15,ยำ,เมี่ยงตะไคร้,ใบชะพลู   ,ตะไคร้,พริกขี้หนู,หมูหยอง,มะนาว,น้ำปลา,น้ำตาล,ถั่วลิสง,เนื้อมะพร้าวขูด,,,,,,,,,,,,,,,,,
16,ยำ,ลาบเนื้อทอด,เนื้อวัว,ผักชีฝรั่ง,ใบมะกรูด,หอมแดง,ข้าวคั่ว,พริกป่น,น้ำปลา,มะนาว,ไข่ไก่,แป้งอเนกประสงค์,น้ำมันพืช,,,,,,,,,,,,,,,
17,ยำ,ยำเนื้อปูอโวคาโด,กรรเชียงปู,อโวคาโด,มะม่วงน้ำดอกไม้สุก,พริกชี้ฟ้า,กระเทียม,น้ำตาล,น้ำปลา,มะนาว,หอมแดง,ผักชี,พริกขี้หนู,แป้งข้าวโพด,น้ำมันพืชสำหรับทอด,,,,,,,,,,,,,
18,ยำ,ซุปหน่อไม้,หน่อไม้,ปลาร้า,น้ำตาลปี๊บ,มะนาว,น้ำปลา,พริกป่น,ข้าวคั่ว,หอมแดง,ต้นหอม,ใบสะระแหน่,,,,,,,,,,,,,,,,
19,ยำ,ปลาดุกฟูคั่วกลิ้ง,ปลาดุก,เกล็ดขนมปัง,น้ำมันพืช,หอมแดง,กระเทียม,ข่า ,ผิวมะกรูด,พริกไทย,ขมิ้น,ตะไคร้,เกลือ,พริกขี้หนู,พริกแห้ง,กะปิ,น้ำตาลแดง,น้ำตาล,น้ำตาลปี๊บ,ซอสปรุงรส,น้ำมันหอย,น้ำปลา,ใบมะกรูด,ใบมะกรูด,,,,
20,ยำ,ลาบพวงไข่ไก่,พวงไข่ไก่,ใบสะระแหน่,มะนาว,น้ำปลา,ข้าวคั่ว,ต้นหอม,ผักชีฝรั่ง,พริกป่น,น้ำตาล,หอมแดง,,,,,,,,,,,,,,,,
21,ยำ,สลัดเต้าหู้,เต้าหู้,แตงกวา,กะหล่ำปลี,มะเขือเทศ,ผักกาดหอม,ปูอัด,ซอสถั่วเหลือง,น้ำสลัด,น้ำมันมะกอก,โยเกิร์ตรสธรรมชาติ,กระเทียม,พริกไทยดำ,มะนาว,,,,,,,,,,,,,
22,ยำ,ลาบเป็ด,เนื้อเป็ด,หนังเป็ด,กระเทียม,ข้าวคั่ว,น้ำซุปเป็ด,น้ำปลา,มะนาว,พริกป่น,ต้นหอม,หอมแดง,ผักชีฝรั่ง,ใบสะระแหน่,,,,,,,,,,,,,,
23,ยำ,ยำหนวดปลาหมึก,หนวดปลาหมึก,น้ำซุป,หอมหัวใหญ่,มะเขือเทศ,คืนฉ่าย,หอมแดง,น้ำปลา,มะนาว,น้ำตาล,พริกสด,เกลือ,,,,,,,,,,,,,,,
24,ยำ,ยำถั่วพลู,หมูสับ,กุ้ง,ถั่วพู,มะนาว,น้ำปลา,น้ำตาลปี๊บ,หอมแดงเจียว,หอมแดง,พริกแห้งทอด,ถั่วลิสง,ถั่วเขียวนึ่ง,น้ำพริกเผา,กะทิ,ไข่ไก่,,,,,,,,,,,,
25,ยำ,หมูย่างดอกดาหลา,น้ำปลา,มะนาว,นมข้นจืด,พริกไทย,ซอสปรุงรส,ซอสน้ำมันหอย,หมู,รากผักชี,กระเทียม,ดอกดาหลา,ตะลิงปลิง,น้ำตาลปี๊บ,น้ำพริกเผา,พริกสด,หอมแดงเจียว,ไข่ไก่,,,,,,,,,,
26,ยำ,ยำหูหมูแก้ว,หูหมู,น้ำเชื่อม,น้ำปลา,มะนาว,พริกสด,หอมหัวใหญ่,มะเขือเทศ,ต้นหอม,ผักสด,,,,,,,,,,,,,,,,,
27,ยำ,ยำหมูกรอบ,หมูกรอบ,พริกสด,น้ำตาล,น้ำปลา,มะนาว,หอมแดง,ผักชี,แตงกวา,,,,,,,,,,,,,,,,,,
28,ยำ,ปลากะพงผัดต้มยำแห้ง,ปลากะพง,แป้งสาลี,ใบกะเพรา,น้ำตาล,น้ำปลา,มะนาว,ข่า ,ตะไคร้,ใบมะกรูด,พริกสด,แป้งมัน,นำมันพืช,น้ำพริกเผา,,,,,,,,,,,,,
29,ยำ,ยำดอกขจรกุ้งสด,ดอกขจร,กุ้ง,หมูสับ,หอมหัวใหญ่,มะเขือเทศ,วุ้นเส้น,น้ำปลา,น้ำตาล,มะนาว,พริกสด,,,,,,,,,,,,,,,,
30,ยำ,สะเดาทรงเครื่อง,ปลาดุก,ใบสะเดา,น้ำมะขามเปียก,น้ำเปล่า,ถั่วลิสง,เกล็ดขนมปัง,น้ำมันพืช,น้ำตาลปี๊บ,น้ำปลา,หอมแดงเจียว,พริกทอด,,,,,,,,,,,,,,,
31,ยำ,ยำสตรอเบอร์รี่กุ้งสด,กุ้ง,หมูสับ,สตอเบอรี่,หอมหัวใหญ่,ต้นหอม,มะเขือเทศ,วุ้นเส้น,น้ำปลา,น้ำตาล,มะนาว,พริกสด,,,,,,,,,,,,,,,
32,ยำ,ลาบไก่เส้นบุก,เส้นบุก,ไก่,มะนาว,น้ำตาล,น้ำปลา,ข้าวคั่ว,พริกป่น,ใบสะระแหน่,ต้นหอม,หอมแดง,,,,,,,,,,,,,,,,
33,ยำ,พล่าหนวดปลาหมึก,หนวดปลาหมึก,ตะไคร้,หอมหัวใหญ่,ต้นหอม,หมูสับ,ผักชี,ใบมะกรูด,ใบสะระแหน่,พริกสด,น้ำพริกเผา,มะนาว,น้ำปลา,น้ำตาล,น้ำซุป,,,,,,,,,,,,
34,ยำ,พล่าเต้าหู้ทอดกรอบ,เต้าหู้,ขิง,หอมแดง,ใบมะกรูด,ตะไคร้,แครอท,ผักชีฝรั่ง,ผักชี,พริกสด,ถั่วลิสง,น้ำตาลปี๊บ,น้ำมะขามเปียก,เกลือ,น้ำเปล่า,มะนาว,น้ำมันพืช,,,,,,,,,,
35,ยำ,ยำขนมจีน,ขนมจีน,กะปิ,น้ำเชื่อม,มะนาว,พริกสด,กระเทียม,มะเขือเทศ,ยอดชะอม,กุ้งแห้ง,ถั่วฝักยาว,,,,,,,,,,,,,,,,
36,ยำ,ยำส้มโอ,ส้มโอ,กุ้ง,ไก่,น้ำพริกเผา,น้ำตาลปี๊บ,น้ำปลา,มะนาว,น้ำเปล่า,พริกสด,เนื้อมะพร้าวขูด,ถั่วลิสง,หอมแดงเจียว,,,,,,,,,,,,,,
37,ยำ,แหนมคลุก,ข้าวหุงสุก,พริกแกงเผ็ด,น้ำปลา,น้ำตาล,แป้งข้าวเจ้า,มะพร้าวขูด,ใบมะกรูด,หมูสับ,ไข่ไก่,หนังหมู,พริกป่น,แหนม,มะนาว,น้ำปลา,ถั่วลิสง,ขิง,หอมแดง,ต้นหอม,ผักสด,,,,,,,
38,ยำ,ส้มตำปลาดุกฟู,มะละกอดิบ,แครอท,กระเทียม,น้ำตาลปี๊บ,มะนาว,น้ำปลา,พริกสด,มะเขือเทศ,ปลาดุก,น้ำมันพืช,,,,,,,,,,,,,,,,
39,ยำ,ยำมะระ,มะระสด,น้ำซุป,หอมหัวใหญ่,มะเขือเทศ,หอมแดง,กุ้ง,น้ำปลา,มะนาว,น้ำตาล,พริกสด,เกลือ,,,,,,,,,,,,,,,
40,ยำ,ยำมะเขือยาวเผากุ้งสด,กุ้ง,มะเขือยาว,มะเขือเทศ,หมูสับ,พริกสด,น้ำปลา,น้ำตาล,มะนาว,หอมหัวใหญ่,ต้นหอม,น้ำซุป,,,,,,,,,,,,,,,
41,ยำ,ข้าวมันส้มตำไทย,ข้าวมัน,มะละกอ,มะเขือเทศ,มะนาว,กระเทียม,น้ำปลา,น้ำตาลปี๊บ,พริกสด,ถั่วลิสง,กุ้งแห้ง,ถั่วฝักยาว,หมูหยอง,,,,,,,,,,,,,,
42,ยำ,ส้มตำไข่ฟู ,เส้นมะละกอ,มะเชือเทศ,กุ้งแห้ง,น้ำตาลปี๊บ,น้ำปลา,กระเทียม,มะนาว,พริกสด,ถั่วฝักยาว,ไข่ไก่,ไข่เค็ม,น้ำมันพืช,ผักสด,,,,,,,,,,,,,
43,ยำ,ส้มตำไทย,มะละกอดิบ,ถั่วฝักยาว,น้ำปลา,น้ำตาลปี๊บ,มะนาว,มะเขือเทศ,กุ้งแห้ง,ถั่วลิสง,พริกขี้หนู,กระเทียม,,,,,,,,,,,,,,,,
44,ยำ,ยำชะอมทอดกรอบ,ยอดชะอม,กุ้ง,หอมแดง,น้ำตาลปีบ,น้ำพริกเผา,มะนาว,พริกสด,ขิง,แป้งทอดกรอบ,น้ำมันพืช,,,,,,,,,,,,,,,,
45,ยำ,ยำมะม่วง,มะม่วงแก้วดิบ,กุ้งแห้ง,พริกป่น,พริกขี้หนู,กะปิ,มะนาว,น้ำปลา,น้ำตาลปี๊บ,คื่นฉ่าย,หอมแดง,ถั่วลิสง,,,,,,,,,,,,,,,
46,ยำ,ยำไส้กรอก,ไส้กรอก,หอมหัวใหญ่,มะเขือ,ต้นหอม,น้ำตาล,น้ำปลา,มะนาว,พริกสด,น้ำซุป,,,,,,,,,,,,,,,,,
47,ยำ,ไข่ทอดสามรส,ไข่ไก่,น้ำตาล,กระเทียม,น้ำปลา,พริกทอด,น้ำส้มสายชู,เม็ดมะม่วงหิมพานต์,ผักชี,น้ำมันพืช,,,,,,,,,,,,,,,,,
48,ยำ,ยำหอยนางรม,หอยนางรม,น้ำพริกเผา,น้ำปลา,มะนาว,น้ำตาล,ตะไคร้,หอมแดง,พริกสด,กระเทียม,พริกทอด,ใบสะระแหน่,,,,,,,,,,,,,,,
49,ยำ,ยำสะนัด,หมูสับ,ถั่วฝักยาว,ผักบุ้ง,หัวปลี,มะเขือพวง,งาคั่ว,กระเทียม,ต้นหอม,หอมแดงเจียว,น้ำปลาร้า,พริกแห้งเผา,ข่า ,หอมแดง,กระเทียม,กะปิ,,,,,,,,,,,
50,ยำ,ยำวุ้นเส้น,วุ้นเส้น,น้ำปลา,มะนาว,น้ำตาลปี๊บ,น้ำซุปกระดูก,ผักกะหล่ำปลี,หอมหัวใหญ่,มะเขือเทศ,คืนฉ่าย,เห็ดหูหนู,หมูยอเป็นชิ้น,พริกชี้ฟ้า,พริกขี้หนู,กุ้ง,ปลาหมึก,หมูสับ,ถั่วลิสง,,,,,,,,,
51,ยำ,ตำถั่วฝักยาว ,ถั่วฝักยาว,กระเทียม,พริกสด,น้ำตาลปี๊บ,น้ำปลา,มะนาว,มะเขือเทศ,น้ำปลาร้า,,,,,,,,,,,,,,,,,,
52,ยำ,ยำคะน้ากุ้งสด,กุ้ง,หมูสับ,ยอดผักคะน้า        ,หอมหัวใหญ่,มะเขือเทศ,วุ้นเส้น,น้ำปลา,น้ำตาล,มะนาว,พริกสด,,,,,,,,,,,,,,,,
53,ยำ,ยำไข่ดาว,ไข่ไก่,หมูสับ,พริกขี้หนู,พริกขี้หนู,คื่นฉ่าย,หอมหัวใหญ่,แครอท,มะเขือเทศ,ต้นหอมท่อนยาว,มะนาว,น้ำตาลปี๊บ,น่้าปลา,น้ำมันสำหรับทอดไข่,,,,,,,,,,,,,
54,ยำ,ส้มตำเต้าหู้กรอบ,เต้าหู้,มะละกอ,แครอท,ถั่วฝักยาว,มะเขือเทศ,กระเทียม,พริก,น้ำปลา,น้ำตาลปี๊บ,มะนาว,กุ้งแห้ง,ถั่วลิสง,น้ำมันพืช,,,,,,,,,,,,,
55,ยำ,ยำไข่เจียวน้ำพริกเผา,ไข่ไก่,หมูสับ,ซอสถั่วเหลือง,น้ำปลา,กระเทียมดอง,กุ้งแห้ง,น้ำพริกเผา,มะนาว,น้ำตาลปี๊บ,น้ำปลาสำหรับปรุงน้ำยำ,มะนาว,พริกขี้หนู,ผักชี,ถั่วลิสง,แป้งข้าวโพด,น้ำมันพืช,,,,,,,,,,
56,ยำ,พล่ากุ้ง,กุ้ง,ตะไคร้,หอมแดง ,ใบมะกรูด,ต้นหอม,ใบสะระแหน่,น้ำพริกเผา,น้ำตาลปี๊บ,น้ำปลา,มะนาว,พริกขี้หนู,,,,,,,,,,,,,,,
57,ยำ,ยำหมูยอ,หมู,มันหมู,น้ำแข็งป่น,เกลือ,พริกไทย,ฟอสเฟต,น้ำเปล่า,ซอสปรุงรส,แป้งมัน,,,,,,,,,,,,,,,,,
58,ยำ,ลาบหมู,หมูสับ,หนังหมู,ตับหมูสดเป็นชิ้น,ใบสะระแหน่,มะนาว,น้ำปลา,ข้าวคั่ว,พริกป่น,ผักชีฝรั่ง,หอมแดง,ใบมะกรูด,ตะไคร้เป็นท่อน,,,,,,,,,,,,,,
59,ยำ,ปลาช่อนลุยสวน,ปลาช่อน,พริกขี้หนู,มะนาว,น้ำตาลปัี๊บ,น้ำปลา,ผักชีฝรั่ง,ขิงอ่อน,ผักชี,ใบสะระแหน่,ตะไคร้,หอมแดง,มะนาว,ถั่วลิสง,น้ำมันพืช,น้ำพริกเผา,แป้งข้าวโพด,พริกแห้งทอด,ผักสด,,,,,,,,
60,ยำ,ยำปลาดุกฟู,ปลาดุก,น้ำปลา,มะนาว,น้ำตาลปีี๊บ,พริกขี้หนู,หอมแดง,มะม่วงดิบ,ถั่วลิสง,ผักชี,น้ำมันพืช,,,,,,,,,,,,,,,,
61,ยำ,ยำจิ้นไก่,ไก่,เห็ดฟาง,หัวปลี,ข่า ,ตะไคร้,หอมแดง,กระเทียม,พริกแห้ง,ผักชี,น้ำซุปไก่,,,,,,,,,,,,,,,,
62,ยำ,ลาบปลาหมึก,ปลาหมึก,ข้าวคั่ว,น้ำปลา,น้ำตาล,มะนาว,พริกป่น,หอมแดง,ผักชีฝรั่ง,ใบสะระแหน่,,,,,,,,,,,,,,,,,
63,ยำ,ยำหูหมู,หูหมู,แตงกวา,คื้นฉ่าย,มะเขือเทศ,พริกสด,ผักกาดหอม,น้ำตาล,มะนาว,น้ำปลา,ถั่วลิสง,,,,,,,,,,,,,,,,
64,ยำ,หมูมะนาว,หมู,กระเทียม,พริกขี้หนู,พริกชี้ฟ้า,ผักชีฝรั่ง,น้ำปลา,น้ำตาล,มะนาว,กะหล่ำปลี,ผักสด,,,,,,,,,,,,,,,,
65,ยำ,ตับหวาน,ตับหมู,ข้าวคั่ว,พริกแห้งป่น,มะนาว,น้ำปลา,น้ำตาลปี๊บ,ต้นหอม,ผักชีฝรั่ง,ใบสะระแหน่,หอมแดง,,,,,,,,,,,,,,,,
66,ยำ,ตำถั่วหมูกรอบ,ถั่วฝักยาว,กุ้งแห้ง,กระเทียม,พริกขี้หนู,น้ำตาลปี๊บ,น้ำปลา,มะนาว,ไข่ไก่,หมูกรอบ,มะเขือเทศ,ถั่วลิสง,,,,,,,,,,,,,,,
0,อาหารเจ,ขนมถั่วทอง,ถั่วเขียวผ่าสีซีก,น้ำตาลปี๊บ,น้ำกะทิ,เกลือ,เนื้อมะพร้าวทึนทึกขูด,,,,,,,,,,,,,,,,,,,,,
1,อาหารเจ,น้ำขิงมะนาว,ขิงแก่,น้ำผึ้ง,น้ำเปล่า,มะนาว,,,,,,,,,,,,,,,,,,,,,,
2,อาหารเจ,กล้วยฉาบ,กล้วยน้ำว้า,น้ำตาล,เกลือ,เนย,น้ำเปล่า,น้ำมันพืชสำหรับทอด,,,,,,,,,,,,,,,,,,,,
3,อาหารเจ,ขนมศิลาอ่อน,ข้าวสารเจ้า,แป้งเท้ายายม่อม,น้ำปูนใส,น้ำตาล,น้ำตาลปี๊บ,ใบเตย,กะทิ,,,,,,,,,,,,,,,,,,,
4,อาหารเจ,เต้าส่วน,ถั่วเขียวผ่าสีซีก,น้ำเปล่า,ใบเตย,น้ำตาลแดง,เกลือ,แป้งมัน,แป้งเท้ายายม่อม,น้ำเปล่า,หัวกะทิ,เกลือ,,,,,,,,,,,,,,,,
5,อาหารเจ,แกงบวดมันม่วง,มันเทศสีม่วง,หางกะทิ,หัวกะทิ,เม็ดสาคู,น้ำตาล,น้ำตาลปี๊บ,เกลือ,ใบเตย,น้ำปูนใส,,,,,,,,,,,,,,,,,
6,อาหารเจ,แกงบวดฟักทอง,ฟักทอง,หางกะทิ,หัวกะทิ,เม็ดสาคู,น้ำตาล,น้ำตาลปี๊บ,เกลือ,ใบเตย,,,,,,,,,,,,,,,,,,
7,อาหารเจ,ขนมหัวมันหน้ากะทิ,หัวมันสัมปะหลัง,เกลือ,แป้งมัน,น้ำตาล,น้ำเปล่า,หัวกะทิ,เกลือ,แป้งข้าวจ้าว,,,,,,,,,,,,,,,,,,
8,อาหารเจ,ต้มกะหล่ำปลีเห็ดหอม,กะหล่ำปลี,เต้าหู้,เห็ดหอม,ฟองเต้าหู้,แครอท,ซอสเห็ดหอม,ซอสปรุงรส,น้ำตาล,เกลือ,ซอสถั่วเหลือง,น้ำมันพืช,น้ำเปล่า,,,,,,,,,,,,,,
9,อาหารเจ,น้ำองุ่น,ผลองุ่นม่วง,น้ำเชื่อม,น้ำเปล่า,เกลือ,,,,,,,,,,,,,,,,,,,,,,
10,อาหารเจ,ขนมเผือกกวน,เผือก,หัวกะทิ,น้ำตาลปี๊บ,เนื้อมะพร้าวทึนทึกขูด,น้ำตาลปี๊บ,เกลือ,,,,,,,,,,,,,,,,,,,,
11,อาหารเจ,แกงเขียวหวานเจ,น้ำพริกแกงเขียวหวานเจ,กะทิ,เต้าหู้,ซอสถั่วเหลือง,น้ำตาล,มะเขือเปราะ,ใบมะกรูด,ใบโพระพา,พริกสด,น้ำมันพืช,,,,,,,,,,,,,,,,
12,อาหารเจ,เต้าหู้ทอด,เต้าหู้,น้ำจิ้มปอเปี๊ยะทอด,น้ำมัน,,,,,,,,,,,,,,,,,,,,,,,
13,อาหารเจ,พล่าเต้าหู้ทอดกรอบ,เต้าหู้,ขิง,หอมแดง,ใบมะกรูด,ตะไคร้,แครอท,ผักชีฝรั่ง,ผักชี,พริกสด,ถั่วลิสง,น้ำตาลปี๊บ,น้ำมะขามเปียก,เกลือ,น้ำเปล่า,มะนาว,น้ำมันพืช,,,,,,,,,,
14,อาหารเจ,เต้าหู้ทอดทรงเครื่อง,เต้าหู้,หอมแดงเจียว,ผักชี,น้ำตาลปี๊บ,น้ำมะขามเปี๊ยก,ซอสถั่วเหลือง,น้ำมัน,,,,,,,,,,,,,,,,,,,
15,อาหารเจ,คะน้ากรอบเจ,ยอดผักคะน้า       ,ซอสเห็ดหอม,น้ำตาล,ซอสถั่วเหลือง,แป้งข้าวโพด,หอมแดงเจียว,เห็ดหอม,น้ำมัน,,,,,,,,,,,,,,,,,,
16,อาหารเจ,ข้าวเหนียวดอกโสน,ข้าวเหนียว,หัวกะทิ,เกลือ,ดอกโสน,เนื้อมะพร้าวขูด,น้ำตาล,,,,,,,,,,,,,,,,,,,,
17,อาหารเจ,เต้าหู้ผัดชะอม,ยอดชะอม,เต้าหู้,เห็ดหอม,น้ำตาล,เต้าเจี้ยว,น้ำมัน,,,,,,,,,,,,,,,,,,,,
18,อาหารเจ,ทับทิมกรอบรากบัว,แป้งมัน,น้ำหวานสีแดง,รากบัว,น้ำตาล,น้ำเปล่า,เกลือ,หัวกิทะ,เนื้อขนุน,น้ำแข็ง,,,,,,,,,,,,,,,,,
19,อาหารเจ,ราดหน้าเจ,ผักคะน้า,กระหล่ำปี,ก๋วยเตี๋ยวเส้นใหญ่,เห็ดฟาง,ข้าวโพดอ่อน,แครอท,น้ำมันพืช,เต้าทอด,ซีอิ้วขาว,เกลือ,ซีอิ๊วดำ,ซอสเห็ดหอม,พริกไทยป่น,แป้งมัน,น้ำตาล,น้ำเปล่า,,,,,,,,,,
20,อาหารเจ,หอมหัวใหญ่ชุบแป้งทอด,หอมหัวใหญ่,แป้งทอดกรอบ,เกลือ,น้ำเย็น,น้ำมันสำหรับทอด,,,,,,,,,,,,,,,,,,,,,
21,อาหารเจ,คะน้าหมูกรอบเจ,หมูกรอบเจ,คะน้า,เต้าเจี้ยว,น้ำตาล,ซอสถั่วเหลือง,พริกสด,เห็ดหอม,แป้งมัน,,,,,,,,,,,,,,,,,,
22,อาหารเจ,หมูกรอบเจ,โปรตีนเกษตร,แป้งทอดกรอบ,เครื่องแกงเผ็ดเจ,ซอสถั่วเหลือง,น้ำตาลปี๊ป,น้ำมัน,,,,,,,,,,,,,,,,,,,,
23,อาหารเจ,หมูสะเต๊ะเจ,โปรตีนเกษตรแผ่น,ตะไคร้,น้ำตาล,เกลือ,ผงขมิ้น,ข่า ,ยี่หร่า,เปลือกลูกมะกรูดขูด,ซอสถั่วเหลือง,กะทิ,,,,,,,,,,,,,,,,
24,อาหารเจ,น้ำตกคอหมูย่างเจ,โปรตีนเกษตรแผ่น,ซอสถั่วเหลือง,น้ำมันพืช,พริกป่น,พริกป่น,มะนาวคั้น,น้ำตาล,ข้าวคั่ว,ผักชีฝรั่ง,หอมแดง,ใบสะระแหน่,ผักสด,,,,,,,,,,,,,,
25,อาหารเจ,ยำเห็ดรวมเจ,เห็ดหอม,เห็ดฟาง,เห็ดเข็มทอง,เห็ดโคน,มะเขือเทศ,น้ำตาล,ซอสถั่วเหลือง,พริกสด,มะนาว,,,,,,,,,,,,,,,,,
26,อาหารเจ,ข้าวเหนียวมะม่วง,มะม่วงสุก,ข้าวเหนียวมูน,หัวกะทิ,น้ำตาล,เกลือ,,,,,,,,,,,,,,,,,,,,,
27,อาหารเจ,ข้าวเหนียวทุเรียน,ทุเรียน,หัวกะทิ,น้ำตาลปี๊บ,เกลือ,ข้าวเหนียวมูน,,,,,,,,,,,,,,,,,,,,,
28,อาหารเจ,ข้าวเหนียวขนุน,ขนุน,หัวกะทิ,เกลือ,น้ำตาล,ข้าวเหนียวมูน,,,,,,,,,,,,,,,,,,,,,
29,อาหารเจ,ข้าวเหนียวถั่วดำ,ถั่วดำ,กะทิ,น้ำตาลปี๊บ,น้ำตาล,เกลือ,ข้าวเหนียวมูน,,,,,,,,,,,,,,,,,,,,
30,อาหารเจ,มะพร้าวแก้ว,มะพร้าว,น้ำตาลปี๊บ,น้ำลอยดอกมะลิ,เกลือ,,,,,,,,,,,,,,,,,,,,,,
31,อาหารเจ,บัวลอยน้ำขิง,แป้งข้าวเหนียว,แป้งข้าวจ้าว,น้ำสะอาด,งาดำ,น้ำตาล,น้ำตาลแดงประมาณ,น้ำตาลปิ๊ป,ขิง,น้ำสะอาด,,,,,,,,,,,,,,,,,
32,อาหารเจ,กล้วยเชื่อม,กล้วยน้ำหว้า,น้ำตาล,น้ำเปล่า,เกลือ,น้ำปูนใส,,,,,,,,,,,,,,,,,,,,,
33,อาหารเจ,กล้วยบวชชี,กล้วยน้ำว้าสุก,หางกะทิ,หัวกะทิ,เม็ดสาคู,น้ำตาลปี๊บ,เกลือ,,,,,,,,,,,,,,,,,,,,
34,อาหารเจ,เผือกกวน,เผือก,หัวกะทิ,น้ำตาลปี๊บ,น้ำตาล,เกลือ,,,,,,,,,,,,,,,,,,,,,
35,อาหารเจ,ทองเอก,ไข่เป็ด,น้ำตาล,เนื้อมะพร้าวทึนทึกขูด,ไข่ไก่,หัวกะทิ,แป้งสาลี,,,,,,,,,,,,,,,,,,,,
36,อาหารเจ,ข้าวต้มมัด,ข้าวเหนียว,หัวกะทิ,เนื้อมะพร้าวทึนทึกขูด,งาขาว,น้ำตาล,เกลือ,กล้วยน้ำหว้า,ใบตอง,,,,,,,,,,,,,,,,,,
37,อาหารเจ,ขนมตาล,ผลตาลสุก,ข้าวสารเก่า,แป้งเท้ายายม่อม,น้ำตาล,เนื้อมะพร้าวขูด,เกลือ,,,,,,,,,,,,,,,,,,,,
38,อาหารเจ,ขนมตะโก้,แห้ว,แป้งข้าวจ้าว,น้ำตาล,น้ำดอกมะลิ,หัวกะทิ,เกลือ,,,,,,,,,,,,,,,,,,,,
39,อาหารเจ,ขนมกล้วย,กล้วยน้ำว้าสุก,แป้งข้าวจ้าว,น้ำตาล,แป้งมัน,แป้งเท้ายายม่อม,หัวกะทิ,มะพร้าวขูด,เกลือ,,,,,,,,,,,,,,,,,,
40,อาหารเจ,ทอดมันข้าวโพด,เม็ดข้าวโพด,พริกแกงคั่วเจ,ซอสถั่วเหลือง,เกลือ,แป้งข้าวเจ้า,แป้งข้าวโพด,น้ำเปล่า,น้ำจิ้มเจ,น้ำมันพืช,,,,,,,,,,,,,,,,,
41,อาหารเจ,มาม่าผัดขึ้เมาเจ,เส้นมาม่า,เต้าหู้,เห็นหอม,พริกชี้ฟ้า,กระชาย ,พริกไทยอ่อน,ใบโพระพา,ซอสถั่วเหลือง,น้ำตาล,น้ำมันพืช,,,,,,,,,,,,,,,,
42,อาหารเจ,วุ้นมะพร้าว,น้ำมะพร้าว,เนื้อมะพร้าวอ่อน,หัวกะทิ,น้ำตาล,ผงวุ้น,เกลือ,,,,,,,,,,,,,,,,,,,,
43,อาหารเจ,หมูหยองเจ,เห็ดฟาง,น้ำตาล,พริกไทย,ซอสถั่วเหลือง,เกลือ,น้ำเปล่า,หอมแดงเจียว,งาขาวคั่ว,,,,,,,,,,,,,,,,,,
44,อาหารเจ,น้ำลูกยอ,ลูกยอสุก,น้ำเปล่า,น้ำผึ้ง,น้ำตาล,เกลือ,,,,,,,,,,,,,,,,,,,,,
45,อาหารเจ,ชาดอกคำฝอย,ดอกคำฝอยแห้ง,น้ำร้อน,,,,,,,,,,,,,,,,,,,,,,,,
46,อาหารเจ,น้ำเก๊กฮวย,ดอกเก๊กฮวยแห้ง,น้ำเปล่า,น้ำตาล,เกลือ,,,,,,,,,,,,,,,,,,,,,,
47,อาหารเจ,เกสรดอกชมพู่,เกสรดอกชมพู่,น้ำสะอาด,น้ำผึ้ง,มะนาว,เกลือ,,,,,,,,,,,,,,,,,,,,,
48,อาหารเจ,ทับทิมโซดา,ทับทิม,น้ำเชื่อม,โซดา,น้ำแข็ง,,,,,,,,,,,,,,,,,,,,,,
49,อาหารเจ,น้ำเต้าหู้ใบเตย,ถั่วเหลือง,ต้นใบเตย,น้ำเชื่อม,นมข้นจืด,,,,,,,,,,,,,,,,,,,,,,
50,อาหารเจ,น้ำแคนตาลูป,ผลแคนตาลูป,น้ำเชื่อม,น้ำเปล่า,เกลือ,,,,,,,,,,,,,,,,,,,,,,
51,อาหารเจ,น้ำขิง,ขิงแก่,น้ำตาล,น้ำเปล่า,,,,,,,,,,,,,,,,,,,,,,,
52,อาหารเจ,น้ำเต้าหู้,ถั่วเหลือง,น้ำตาล,น้ำเปล่า,ใบเตย,,,,,,,,,,,,,,,,,,,,,,
53,อาหารเจ,น้ำแครอท,แครอท,น้ำเชื่อม,น้ำเปล่า,เกลือ,,,,,,,,,,,,,,,,,,,,,,
54,อาหารเจ,น้ำฝรั่ง,ผลฝรั่ง,น้ำเปล่า,น้ำเชื่อม,เกลือ,,,,,,,,,,,,,,,,,,,,,,
55,อาหารเจ,น้ำมะเฟือง,มะเฟืองสุก,น้ำเชื่อม,เกลือ,น้ำเปล่า,,,,,,,,,,,,,,,,,,,,,,
56,อาหารเจ,น้ำมะม่วง,เนื้อมะม่วงสุก,น้ำเปล่า,น้ำเชื่อม,เกลือ,,,,,,,,,,,,,,,,,,,,,,
57,อาหารเจ,น้ำสับปะรด,ผลสับปะรดสุก,น้ำตาล,น้ำเปล่าต้มสุก,เกลือ,,,,,,,,,,,,,,,,,,,,,,
58,อาหารเจ,น้ำส้มคั้น,ส้ม,เกลือ,,,,,,,,,,,,,,,,,,,,,,,,
59,อาหารเจ,น้ำกระเจี๊ยบ,ดอกกระเจี๊ยบ,น้ำตาล,น้ำเปล่า,เกลือ,,,,,,,,,,,,,,,,,,,,,,
60,อาหารเจ,น้ำมะตูม,มะตูมแห้ง,น้ำเชื่อม,น้ำเปล่า,เกลือ,,,,,,,,,,,,,,,,,,,,,,
61,อาหารเจ,น้ำเห็ดหลินจือ,เห็ดหลินจือ,น้ำเปล่า,,,,,,,,,,,,,,,,,,,,,,,,
62,อาหารเจ,น้ำตะไคร้,ตะไคร้สับ,น้ำตาล,น้ำเปล่า,มะนาว,เกลือ,,,,,,,,,,,,,,,,,,,,,
63,อาหารเจ,น้ำแอปเปิ้ลเขียว,แอปเปิลเขียว,เกลือ,น้ำเชื่อม,น้ำแข็ง,น้ำเปล่า,,,,,,,,,,,,,,,,,,,,,
64,อาหารเจ,ผัดวุ้นเส้นมะละกอ,วุ้นเส้น,เห็ดฟาง,มะละกอ,แครอท,ซีอิ้วดำ,ซีอิ้วขาว,ซอสเห็ดหอม,น้ำตาล,น้ำมันพืช,,,,,,,,,,,,,,,,,
1,ผัด,ไข่ระเบิด,ไข่ไก่,กระเทียม,หมู,ข้าวโพดอ่อน,แครอต,มะเขือเทศราชินี,เห็ดหูหนู,หน่อไม้ฝรั่ง,หอมหัวใหญ่,ซอสมะเขือเทศ  ,ซีอิ๊วขาว   ,พริกไทย,น้ำเปล่า ,น้ำตาล  ,หอมแดง,น้ำมันพืช ,ข้าวสวย,,,,,,,,,
2,ทอด,ไข่ระเบิด,ไข่ไก่,กระเทียม,หมู,ข้าวโพดอ่อน,แครอต,มะเขือเทศราชินี,เห็ดหูหนู,หน่อไม้ฝรั่ง,หอมหัวใหญ่,ซอสมะเขือเทศ  ,ซีอิ๊วขาว   ,พริกไทย,น้ำเปล่า ,น้ำตาล  ,หอมแดง,น้ำมันพืช ,ข้าวสวย,,,,,,,,,
3,อาหารคลีน,ไข่ขาวม้วน,ไข่ขาว  ,แครอต,หอม,พริกไทย,ซอสพริก ,ซอสมะเขือเทศ ,โชยุ,,,,,,,,,,,,,,,,,,,
4,ทอด,ไข่เจียวดาว,ไข่ไก่  ,น้ำปลา  ,น้ำมันหอย  ,น้ำตาล  ,น้ำมันพืช,,,,,,,,,,,,,,,,,,,,,
5,นึ่ง,ไข่ตุ๋น,ไข่ไก่  ,นมถั่วเหลือง,น้ำ,ซีอิ๊วขาว ,เกลือ,แครอต,หอมแดง,,,,,,,,,,,,,,,,,,,
6,ต้ม,แกงจืดไข่ม้วนหมูวุ้นเส้น,หมู ,วุ้นเส้น,ซีอิ๊วถั่วเหลือง  ,น้ำเปล่า  ,ผงซุปรสหมู  ,แครอต,ขึ้นฉ่าย ,หอมแดง,ไข่ไก่  ,ขึ้นฉ่าย,น้ำมันพืช ,,,,,,,,,,,,,,,
7,อาหารคลีน,ไข่ม้วนญี่ปุ่นผักรวม,ไข่ไก่  ,นม  ,เกลือ ,พริกไทย ,แครอต  ,หอม  ,หอมหัวใหญ่  ,,,,,,,,,,,,,,,,,,,
8,นึ่ง,ไข่ตุ๋นเป็ด,ไข่ไก่ ,นมถั่วเหลือง,น้ำ ,ซีอิ๊วขาว  ,เกลือ  ,แครอต,ฟักทองต้ม,หอมแดง,,,,,,,,,,,,,,,,,,
9,นึ่ง,ไข่ตุ๋น 5 สี,ไข่ไก่  ,ไข่ไก่,น้ำเปล่า  ,ซอสหอยนางรม  ,ซีอิ๊วขาว  ,น้ำมันงา  ,กุ้งสับ  ,เห็ดหอม,แครอต,ฟักทอง,หอมหัวใหญ่,น้ำเปล่า ,หอมแดง,,,,,,,,,,,,,
10,ผัด,ผัดกะเพราไข่,ไข่ไก่,พริกขี้หนู,กระเทียม,เกลือ,น้ำตาล,น้ำมันพืช,น้ำต้มสุก,น้ำมันหอย,ใบกะเพรา,,,,,,,,,,,,,,,,,
11,ยำ,ยำไข่เจียว,ไข่ไก่  ,กุ้ง,หอมแดงซอย  ,มะนาว ,พริกขี้หนู,กระเทียมดอง,ตะไคร้,กุ้งแห้ง  ,น้ำพริกเผา  ,น้ำเปล่า  ,มะนาว  ,น้ำตาลปี๊บ  ,ผักชีฝรั่ง,น้ำมันพืช,,,,,,,,,,,,
12,ผัด,กิมจิผัดไข่,น้ำมันพืช  ,กระเทียมสับ  ,กิมจิ ,ไข่ไก่  ,ซอสปรุงรสอาหาร ,ข้าวสวย,,,,,,,,,,,,,,,,,,,,
13,ทอด,ทอดมันห่อไข่,หมู,ไข่ไก่ ,น้ำพริกแกงเผ็ด ,ถั่วฝักยาว,ถั่วพู,ไข่ต้ม,,,,,,,,,,,,,,,,,,,,
14,ยำ,ยำไข่ดาวเบคอนกรอบ,เบคอน,ไข่เป็ด  ,ไข่ไก่  ,น้ำมันพืช,ซีอิ๊วขาว  ,มะนาว  ,น้ำตาล,พริกขี้หนู,หอมแดง,ขึ้นฉ่าย,มะเขือเทศ,หอมหัวใหญ่,,,,,,,,,,,,,,
15,ทอด,ไข่เจียวลาบไก่สับ,ไข่ไก่  ,ไก่,ผงปรุงลาบ-น้ำตกสำเร็จรูป  ,ซอสปรุงรส  ,น้ำมันพืช,ผักชี,,,,,,,,,,,,,,,,,,,,
16,ทอด,ข้าวไข่ข้นพริกแกงโหระพา,ไข่ไก่ ,น้ำพริกแกง  ,แหนม ,ใบโหระพา,พริกขี้หนู,ผงปรุงรส,น้ำมันพืช ,ข้าวสวย,,,,,,,,,,,,,,,,,,
17,ทอด,สลัดไข่เจียว,ไข่ไก่  ,น้ำปลา  ,น้ำมันพืช  ,ผักสลัด,,,,,,,,,,,,,,,,,,,,,,
18,ทอด,ไข่เจียวดอกขจร,ไข่ไก่,ดอกขจร,ซอสปรุงรส,น้ำมันพืช,,,,,,,,,,,,,,,,,,,,,,
